-- --------------------------------------------------------
-- 호스트:                          52.79.139.8
-- 서버 버전:                        5.5.68-MariaDB - MariaDB Server
-- 서버 OS:                        Linux
-- HeidiSQL 버전:                  12.4.0.6659
-- --------------------------------------------------------

/*!40101 SET @OLD_CHARACTER_SET_CLIENT=@@CHARACTER_SET_CLIENT */;
/*!40101 SET NAMES utf8 */;
/*!50503 SET NAMES utf8mb4 */;
/*!40103 SET @OLD_TIME_ZONE=@@TIME_ZONE */;
/*!40103 SET TIME_ZONE='+00:00' */;
/*!40014 SET @OLD_FOREIGN_KEY_CHECKS=@@FOREIGN_KEY_CHECKS, FOREIGN_KEY_CHECKS=0 */;
/*!40101 SET @OLD_SQL_MODE=@@SQL_MODE, SQL_MODE='NO_AUTO_VALUE_ON_ZERO' */;
/*!40111 SET @OLD_SQL_NOTES=@@SQL_NOTES, SQL_NOTES=0 */;


-- swiftER 데이터베이스 구조 내보내기
CREATE DATABASE IF NOT EXISTS `swiftER` /*!40100 DEFAULT CHARACTER SET utf8 */;
USE `swiftER`;

-- 테이블 swiftER.community_article 구조 내보내기
CREATE TABLE IF NOT EXISTS `community_article` (
  `no` int(11) NOT NULL AUTO_INCREMENT,
  `parent` int(11) DEFAULT '0',
  `comments` int(11) DEFAULT '0',
  `cateCode` int(11) NOT NULL,
  `regionCode` int(11) NOT NULL,
  `member_uid` varchar(25) NOT NULL,
  `title` varchar(255) DEFAULT NULL,
  `content` varchar(255) NOT NULL,
  `view` int(11) DEFAULT '0',
  `file` int(11) DEFAULT NULL,
  `regip` varchar(255) NOT NULL,
  `rdate` datetime NOT NULL,
  PRIMARY KEY (`no`,`member_uid`),
  KEY `fk_community_article_member1_idx` (`member_uid`),
  KEY `fk_community_article_community_cate1_idx` (`cateCode`) USING BTREE,
  KEY `fk_community_article_community_region_code1_idx` (`regionCode`) USING BTREE,
  CONSTRAINT `cateCode` FOREIGN KEY (`cateCode`) REFERENCES `community_cate` (`code`) ON DELETE NO ACTION ON UPDATE NO ACTION,
  CONSTRAINT `fk_community_article_member1` FOREIGN KEY (`member_uid`) REFERENCES `member` (`uid`) ON DELETE NO ACTION ON UPDATE NO ACTION,
  CONSTRAINT `regionCode` FOREIGN KEY (`regionCode`) REFERENCES `community_region_code` (`code`) ON DELETE NO ACTION ON UPDATE NO ACTION
) ENGINE=InnoDB AUTO_INCREMENT=339 DEFAULT CHARSET=utf8;

-- 테이블 데이터 swiftER.community_article:~65 rows (대략적) 내보내기
INSERT INTO `community_article` (`no`, `parent`, `comments`, `cateCode`, `regionCode`, `member_uid`, `title`, `content`, `view`, `file`, `regip`, `rdate`) VALUES
	(1, 0, 1, 10, 0, 'user', '안녕하세요', '안녕하세요', 18, NULL, '', '2023-03-29 00:00:00'),
	(16, 0, 0, 11, 0, 'user', '너무 배가 아프네요', '명치 쪽이 너무 아파요', 27, NULL, '', '2023-03-11 00:00:00'),
	(17, 0, 1, 12, 11, 'user', '부산대학병원 선생님 추천좀', '내과쪽이요1', 24, NULL, '', '2023-04-07 03:37:59'),
	(128, 0, 2, 10, 0, 'lee123', '테스트', '테스트1', 46, NULL, '127.0.0.1', '2023-03-24 14:12:13'),
	(155, 0, 1, 12, 11, 'lee123', 'dd', 'dd', 5, NULL, '127.0.0.1', '2023-03-24 14:45:02'),
	(159, 0, 1, 10, 0, 'lee123', '테스트중 입니다.', '테스트중 입니다.', 7, NULL, '127.0.0.1', '2023-03-30 03:54:16'),
	(162, 0, 2, 10, 0, 'lee123', '안녕하세요', '테스트 1234', 15, NULL, '61.34.107.92', '2023-03-31 00:28:05'),
	(165, 0, 0, 11, 0, 'lee123', '열이 나요', '발열과 구토증상이있는데 코로나검진 시 내과가야하나요?11', 163, NULL, '61.34.107.92', '2023-04-11 03:44:47'),
	(167, 0, 2, 12, 10, 'lee123', '세브란스병원 외과 선생님 추천해주세요', '정형외과 선생님 잘하시는분 있나요1', 22, NULL, '61.34.107.92', '2023-04-07 03:37:52'),
	(173, 0, 1, 12, 10, 'et009153', '테스트입니다', '테스트 글', 7, NULL, '127.0.0.1', '2023-03-31 00:52:52'),
	(174, 0, 6, 12, 12, 'lee123', '대구 맛집', '대구맛집 추천좀123', 35, NULL, '61.34.107.92', '2023-04-07 03:24:35'),
	(221, 0, 1, 10, 0, 'lee123', '고양이 좋아', '고양고양', 18, NULL, '127.0.0.1', '2023-04-10 02:57:53'),
	(222, 0, 3, 10, 0, 'lee123', '점심땡기는거 추천좀', '한식 중식 양식중에 골라서 말해주세여', 11, NULL, '127.0.0.1', '2023-04-10 02:58:12'),
	(236, 0, 2, 10, 0, 'lee123', 'dsd', 'sdsd', 30, NULL, '127.0.0.1', '2023-04-10 03:01:26'),
	(243, 237, 0, 10, 0, 'lee123', NULL, '1', 0, NULL, '127.0.0.1', '2023-04-10 03:04:02'),
	(244, 237, 0, 10, 0, 'lee123', NULL, '1', 0, NULL, '127.0.0.1', '2023-04-10 03:04:02'),
	(245, 237, 0, 10, 0, 'lee123', NULL, '2', 0, NULL, '127.0.0.1', '2023-04-10 03:04:03'),
	(246, 237, 0, 10, 0, 'lee123', NULL, '1', 0, NULL, '127.0.0.1', '2023-04-10 03:04:06'),
	(251, 167, 0, 12, 0, 'lee123', NULL, '수정23232', 0, NULL, '127.0.0.1', '2023-04-28 13:00:55'),
	(255, 174, 0, 12, 0, 'lee123', NULL, '1', 0, NULL, '127.0.0.1', '2023-04-10 04:14:25'),
	(256, 174, 0, 12, 0, 'lee123', NULL, '1', 0, NULL, '127.0.0.1', '2023-04-10 04:14:36'),
	(258, 174, 0, 12, 0, 'lee123', NULL, '1', 0, NULL, '127.0.0.1', '2023-04-10 04:17:30'),
	(269, 238, 0, 10, 0, 'lee123', NULL, '1', 0, NULL, '127.0.0.1', '2023-04-11 02:06:26'),
	(270, 238, 0, 10, 0, 'lee123', NULL, '1', 0, NULL, '127.0.0.1', '2023-04-11 02:06:27'),
	(271, 236, 0, 10, 0, 'lee123', NULL, '1', 0, NULL, '127.0.0.1', '2023-04-11 02:06:32'),
	(272, 0, 0, 10, 0, 'lee123', '12', '22', 3, NULL, '127.0.0.1', '2023-04-11 02:29:51'),
	(273, 0, 0, 10, 0, 'lee123', '1', '1', 4, NULL, '127.0.0.1', '2023-04-11 02:29:53'),
	(274, 0, 7, 10, 0, 'lee123', '1', '1', 93, NULL, '127.0.0.1', '2023-04-11 02:29:56'),
	(291, 274, 0, 10, 0, 'lee123', NULL, '1', 0, NULL, '127.0.0.1', '2023-04-11 02:58:28'),
	(292, 274, 0, 10, 0, 'lee123', NULL, '2', 0, NULL, '127.0.0.1', '2023-04-11 02:58:29'),
	(293, 274, 0, 10, 0, 'lee123', NULL, '', 0, NULL, '127.0.0.1', '2023-04-11 02:58:29'),
	(294, 274, 0, 10, 0, 'lee123', NULL, '3', 0, NULL, '127.0.0.1', '2023-04-11 02:58:30'),
	(297, 274, 0, 10, 0, 'lee123', NULL, '1', 0, NULL, '127.0.0.1', '2023-04-11 03:02:04'),
	(298, 274, 0, 10, 0, 'lee123', NULL, '2', 0, NULL, '127.0.0.1', '2023-04-11 03:02:05'),
	(299, 274, 0, 10, 0, 'lee123', NULL, '아무말', 0, NULL, '127.0.0.1', '2023-04-11 03:02:14'),
	(302, 173, 0, 12, 0, 'lee123', NULL, '11', 0, NULL, '127.0.0.1', '2023-04-11 03:15:03'),
	(303, 174, 0, 12, 0, 'lee123', NULL, '11', 0, NULL, '127.0.0.1', '2023-04-11 03:15:07'),
	(304, 174, 0, 12, 0, 'lee123', NULL, '12313213', 0, NULL, '127.0.0.1', '2023-04-11 03:15:15'),
	(305, 165, 0, 11, 0, 'lee123', '', '12231', 20, NULL, '127.0.0.1', '2023-04-13 12:53:40'),
	(306, 0, 0, 10, 0, 'et009153', 'admin main test', 'test', 2, NULL, '127.0.0.1', '2023-04-11 15:42:23'),
	(307, 0, 3, 10, 0, 'et009153', 'admin test', 'test', 170, NULL, '127.0.0.1', '2023-04-12 03:45:51'),
	(311, 16, 0, 11, 0, 'lee123', NULL, '2323', 0, NULL, '127.0.0.1', '2023-04-12 04:02:51'),
	(313, 307, 0, 10, 0, 'lee123', NULL, '', 0, NULL, '127.0.0.1', '2023-04-13 13:41:38'),
	(314, 307, 0, 10, 0, 'lee123', NULL, '121', 0, NULL, '127.0.0.1', '2023-04-14 12:29:22'),
	(315, 307, 0, 10, 0, 'lee123', NULL, '1212', 0, NULL, '127.0.0.1', '2023-04-14 12:31:05'),
	(316, 0, 1, 10, 0, 'et009153', 'admin main 테스트', '테스트', 31, NULL, '127.0.0.1', '2023-04-15 21:12:14'),
	(317, 0, 1, 10, 0, 'et009153', 'admin search 출력 테스트입니다', 'Sed ut perspiciatis unde omnis iste natus error sit voluptatem accusantium doloremque laudantium, totam rem aperiam, eaque ipsa quae ab illo inventore veritatis et quasi architecto beatae vitae dicta sunt explicabo. ', 236, NULL, '127.0.0.1', '2023-04-16 13:08:46'),
	(318, 236, 0, 10, 0, 'lee123', NULL, '1', 0, NULL, '127.0.0.1', '2023-04-25 13:06:22'),
	(320, 316, 0, 10, 0, 'lee123', NULL, '1231', 0, NULL, '127.0.0.1', '2023-04-25 13:38:18'),
	(321, 174, 0, 12, 0, 'lee123', NULL, 'ddd', 0, NULL, '127.0.0.1', '2023-04-26 12:29:11'),
	(322, 317, 0, 10, 0, 'lee123', NULL, '수정\n', 0, NULL, '127.0.0.1', '2023-04-28 12:58:58'),
	(323, 0, 1, 10, 0, 'et002727', '마이페이지 출력1', '테스트1', 38, NULL, '127.0.0.1', '2023-05-01 13:20:54'),
	(324, 323, 0, 10, 0, 'et002727', NULL, '수정2322121213232111', 0, NULL, '127.0.0.1', '2023-04-28 13:15:32'),
	(325, 155, 0, 12, 0, 'lee123', NULL, 'wqwqwqwq', 0, NULL, '127.0.0.1', '2023-04-28 12:45:14'),
	(326, 17, 0, 12, 0, 'lee123', NULL, '32322323', 0, NULL, '127.0.0.1', '2023-04-28 12:58:16'),
	(327, 0, 0, 10, 0, 'et002727', '마이페이지 출력2', '테스트2', 1, NULL, '127.0.0.1', '2023-05-01 13:21:05'),
	(328, 0, 0, 10, 0, 'et002727', '마이페이지 출력3', '테스트3', 1, NULL, '127.0.0.1', '2023-05-01 13:21:16'),
	(329, 0, 0, 10, 0, 'et002727', '마이페이지 출력4', '테스트3', 1, NULL, '127.0.0.1', '2023-05-01 13:21:16'),
	(330, 0, 0, 10, 0, 'et002727', '마이페이지 출력6', '테스트3', 1, NULL, '127.0.0.1', '2023-05-01 13:21:16'),
	(331, 0, 0, 10, 0, 'et002727', '마이페이지 출력7', '테스트3', 1, NULL, '127.0.0.1', '2023-05-01 13:21:16'),
	(332, 0, 0, 10, 0, 'et002727', '마이페이지 출력8', '테스트3', 1, NULL, '127.0.0.1', '2023-05-01 13:21:16'),
	(333, 0, 0, 10, 0, 'et002727', '마이페이지 출력9', '테스트3', 3, NULL, '127.0.0.1', '2023-05-01 13:21:16'),
	(334, 0, 0, 10, 0, 'et002727', '마이페이지 출력10', '테스트3', 2, NULL, '127.0.0.1', '2023-05-01 13:21:16'),
	(335, 0, 1, 10, 0, 'et002727', '마이페이지 출력11', '테스트3', 19, NULL, '127.0.0.1', '2023-05-01 13:21:16'),
	(337, 221, 0, 10, 0, 'lee123', NULL, '212ㄴㄴ', 0, NULL, '61.34.107.92', '2023-05-10 11:25:45');

-- 테이블 swiftER.community_cate 구조 내보내기
CREATE TABLE IF NOT EXISTS `community_cate` (
  `cate` varchar(45) NOT NULL,
  `code` int(11) NOT NULL,
  PRIMARY KEY (`code`)
) ENGINE=InnoDB DEFAULT CHARSET=utf8;

-- 테이블 데이터 swiftER.community_cate:~3 rows (대략적) 내보내기
INSERT INTO `community_cate` (`cate`, `code`) VALUES
	('자유 게시판\r\n', 10),
	('질문 게시판', 11),
	('내가 사는 동네', 12);

-- 테이블 swiftER.community_region_code 구조 내보내기
CREATE TABLE IF NOT EXISTS `community_region_code` (
  `region` varchar(45) NOT NULL,
  `code` int(11) NOT NULL,
  PRIMARY KEY (`code`)
) ENGINE=InnoDB DEFAULT CHARSET=utf8;

-- 테이블 데이터 swiftER.community_region_code:~18 rows (대략적) 내보내기
INSERT INTO `community_region_code` (`region`, `code`) VALUES
	('-', 0),
	('서울', 10),
	('부산', 11),
	('대구', 12),
	('인천', 13),
	('광주', 14),
	('대전', 15),
	('울산', 16),
	('세종', 17),
	('경기도', 18),
	('강원도', 19),
	('충청북도', 20),
	('충청남도', 21),
	('전라북도', 22),
	('전라남도', 23),
	('경상북도', 24),
	('경상남도', 25),
	('제주도', 26);

-- 테이블 swiftER.cs_cate 구조 내보내기
CREATE TABLE IF NOT EXISTS `cs_cate` (
  `cate` varchar(45) NOT NULL,
  `code` int(11) NOT NULL,
  PRIMARY KEY (`code`)
) ENGINE=InnoDB DEFAULT CHARSET=utf8;

-- 테이블 데이터 swiftER.cs_cate:~3 rows (대략적) 내보내기
INSERT INTO `cs_cate` (`cate`, `code`) VALUES
	('notice', 1),
	('faq', 2),
	('qna', 3);

-- 테이블 swiftER.cs_questions 구조 내보내기
CREATE TABLE IF NOT EXISTS `cs_questions` (
  `no` int(11) NOT NULL AUTO_INCREMENT,
  `qno` int(11) DEFAULT NULL,
  `member_uid` varchar(25) NOT NULL,
  `cateCode` int(11) NOT NULL,
  `subcateCode` int(11) NOT NULL,
  `title` varchar(255) NOT NULL,
  `content` varchar(255) NOT NULL,
  `view` int(11) NOT NULL DEFAULT '0',
  `file` int(11) DEFAULT NULL,
  `regip` varchar(45) DEFAULT NULL,
  `rdate` datetime DEFAULT NULL,
  `answer` int(11) DEFAULT '0',
  PRIMARY KEY (`no`,`member_uid`),
  KEY `fk_cs_questions_member1_idx` (`member_uid`),
  KEY `subcateCode` (`subcateCode`),
  KEY `cateCode` (`cateCode`),
  CONSTRAINT `cateCode2` FOREIGN KEY (`cateCode`) REFERENCES `cs_cate` (`code`) ON DELETE NO ACTION ON UPDATE NO ACTION,
  CONSTRAINT `fk_cs_questions_member1` FOREIGN KEY (`member_uid`) REFERENCES `member` (`uid`) ON DELETE NO ACTION ON UPDATE NO ACTION,
  CONSTRAINT `subCateCode` FOREIGN KEY (`subcateCode`) REFERENCES `cs_subcate` (`subcode`) ON DELETE NO ACTION ON UPDATE NO ACTION
) ENGINE=InnoDB AUTO_INCREMENT=151 DEFAULT CHARSET=utf8;

-- 테이블 데이터 swiftER.cs_questions:~48 rows (대략적) 내보내기
INSERT INTO `cs_questions` (`no`, `qno`, `member_uid`, `cateCode`, `subcateCode`, `title`, `content`, `view`, `file`, `regip`, `rdate`, `answer`) VALUES
	(62, 0, 'et009153', 3, 10, '비밀번호는 찾을 수 없나요?', '<p>재설정 옵션밖에 없네요</p>', 0, 0, '127.0.0.1', '2023-03-17 00:36:58', 0),
	(63, 0, 'admin', 3, 10, '아이디는 어떻게 찾나요?', '<p>아이디를 잊어버렸습니다</p>', 0, 0, '127.0.0.1', '2023-03-17 00:39:13', 0),
	(64, 0, 'admin', 3, 10, '회원 탈퇴하고 싶은데요', '<p>탈퇴는 어디서 하나요?</p>', 0, 0, '127.0.0.1', '2023-03-17 00:39:58', 0),
	(65, 0, 'admin', 3, 10, '제가 쓴 병원 리뷰를 수정할 수 있나요?', '<p>별점을 다시 주고 싶은데 어떻게 수정하나요?</p>', 0, 0, '127.0.0.1', '2023-03-17 00:41:24', 0),
	(66, 0, 'admin', 3, 10, '제가 쓴 병원 리뷰를 삭제하고 싶은데요', '<p>삭제는 어디서 하나요?</p>', 0, 0, '127.0.0.1', '2023-03-17 00:41:58', 0),
	(67, 0, 'admin', 3, 10, '제가 방문한 병원을 표시하고 싶은데 어떻게 하나요?', '<p>어디로 가서 표시하면 되나요?</p>', 0, 0, '127.0.0.1', '2023-03-17 00:43:43', 0),
	(68, 0, 'admin', 3, 10, '회원 등급이 따로 있나요?', '<p>등업하면 좋은 점이 있나요?</p>', 0, 0, '127.0.0.1', '2023-03-17 00:44:20', 0),
	(69, 0, 'admin', 3, 10, '로그인이 됐다가 안됐다가 해요', '<p>로그인될 때 얼른 문의 남겨봅니다</p><p>이거 왜 이런 거죠?</p>', 0, 0, '127.0.0.1', '2023-03-17 00:46:57', 0),
	(70, 0, 'admin', 3, 10, '회원 탈퇴 후 제 정보는 자동 삭제되나요?', '<p>보관하지말고 바로 지워주세요</p>', 0, 0, '127.0.0.1', '2023-03-17 00:47:38', 0),
	(71, 0, 'admin', 3, 10, '의사 회원인데 왜 제 면허증 승인을 안해주십니까', '<p>해주셔야 제가 커뮤니티에 답변글도 달 수 있는데 빨리 승인해주세요</p>', 0, 0, '127.0.0.1', '2023-03-17 00:53:05', 0),
	(72, 0, 'admin', 3, 10, '제 회원 정보는 어디서 볼 수 있나요?', '<p>어디로 가야 하나요?</p>', 0, 0, '127.0.0.1', '2023-03-17 01:19:52', 0),
	(76, 0, 'admin', 3, 10, '비밀번호는 찾을 수 없나요?', '<p>까먹었어요</p>', 0, 0, '127.0.0.1', '2023-03-17 01:29:29', 0),
	(77, 0, 'admin', 3, 10, '아이디를 까먹었는데 어떻게 찾나요?', '<p>잊어버렸어요</p>', 0, 0, '127.0.0.1', '2023-03-17 01:29:47', 0),
	(78, 0, 'admin', 3, 10, '회원 탈퇴하고 싶은데요', '<p>탈퇴 버튼이 어디있죠?</p>', 0, 0, '127.0.0.1', '2023-03-17 01:30:05', 0),
	(79, 0, 'admin', 3, 10, '제가 쓴 병원 리뷰를 수정할 수 있나요?', '<p>별점을 수정하고 싶은데요</p>', 0, 0, '127.0.0.1', '2023-03-17 01:30:25', 0),
	(80, 0, 'admin', 3, 10, '제가 쓴 병원 리뷰를 삭제하고 싶은데요', '<p>어떻게 하나요?</p>', 0, 0, '127.0.0.1', '2023-03-17 01:30:40', 0),
	(81, 0, 'admin', 3, 10, '의사 회원 면허증 첨부는 몇 개 까지 가능한가요?', '<p>이 두 파일을 첨부하고 싶은데 하나만 가능한가요?</p>', 0, 0, '127.0.0.1', '2023-03-17 01:33:09', 0),
	(82, 0, 'admin', 3, 10, '네이버로 로그인해도 자동 로그인이 되나요?', '<p>자동 로그인 하고 싶어요</p>', 0, 0, '127.0.0.1', '2023-03-17 01:35:33', 0),
	(83, 0, 'admin', 3, 10, '구글 로그인은 안되나요?', '<p>안된다면 되게 해주세요</p>', 0, 0, '127.0.0.1', '2023-03-17 01:44:13', 0),
	(84, 0, 'admin', 3, 10, '계정을 여러 개 만들어도 되나요?', '<p>그냥 궁금해서 여쭤봅니다</p>', 0, 0, '127.0.0.1', '2023-03-17 01:50:44', 0),
	(85, 0, 'admin', 3, 10, '닉네임은 변경 가능한가요?', '<p>닉네임 바꾸고 싶어요</p>', 0, 0, '127.0.0.1', '2023-03-17 01:52:23', 0),
	(86, 0, 'admin', 3, 20, '제가 검색하고 싶은 증상이 없어요', '<p>업데이트 좀 해주세요</p>', 0, 0, '127.0.0.1', '2023-03-17 01:54:55', 0),
	(87, 0, 'admin', 3, 30, '응급실 상세 페이지에 리뷰는 어디서 쓰는 건가요?', '<p>저도 쓰고 싶은데 안보여서요</p>', 0, 0, '127.0.0.1', '2023-03-17 01:55:58', 0),
	(88, 0, 'admin', 3, 40, '혹시 커뮤니티에 글 도배하는 회원 차단할 수 있나요?', '<p>제가 차단못하면 계정 정지라도 시켜주세요</p>', 0, 0, '127.0.0.1', '2023-03-17 01:56:41', 0),
	(89, 0, 'admin', 3, 50, '서비스 이름의 유래가 어떻게 되나요?', '<p>swiftER이라는 단어가 어떻게 나온 건지 궁금합니다</p><br>', 0, 0, '127.0.0.1', '2023-03-17 01:57:31', 0),
	(91, 0, 'admin', 2, 10, '비밀번호는 어떻게 찾나요?', '사용자의 회원가입 시 비밀번호는 암호화되어 데이터베이스에 저장되므로 관리자도 사용자의 비밀번호를 알 수 없습니다. 따라서 비밀번호를 찾으실 수는 없고, 재설정하셔야 합니다. 비밀번호 재설정은 로그인 > 비밀번호 재설정 또는 마이페이지 > 비밀번호 재설정에서 가능합니다', 0, 0, '127.0.0.1', '2023-03-20 10:01:10', 0),
	(92, 0, 'admin', 2, 10, '아이디는 어떻게 찾나요?', '로그인 > 아이디찾기에서 아이디를 찾으실 수 있습니다', 0, 0, '127.0.0.1', '2023-03-20 10:18:52', 0),
	(93, 0, 'admin', 2, 10, '회원 탈퇴는 어떻게 하나요?', '마이페이지 > 탈퇴하기에서 탈퇴를 진행해주세요', 0, 0, '127.0.0.1', '2023-03-20 12:03:22', 0),
	(94, 0, 'admin', 1, 10, 'swiftER 사이트 리뉴얼 안내', '저희 swiftER 사이트가 새단장할 예정입니다. 업데이트 기간 동안 서비스 이용에 차질이 생길 수 있어 이 점 양해부탁드립니다. 감사합니다', 5, 0, '127.0.0.1', '2023-03-20 12:54:44', 0),
	(95, 0, 'admin', 1, 10, '사이트 정기 점검 안내', '보다 원활한 서비스 이용을 위하여 정기 점검을 시행할 예정입니다. 하기 시간 동안 서비스 이용에 제한이 있을 수 있으니 참고 바랍니다\r\n점검 일시\r\n2023.03.21 23:30 - 2023.03.22 04:00', 7, 0, '127.0.0.1', '2023-03-21 09:23:57', 0),
	(96, 0, 'admin', 1, 20, '증상 업데이트 안내', '더욱 상세한 증상 검색이 가능하도록 증상 데이터베이스를 업데이트 할 예정입니다. 이용에 참고 부탁드립니다', 3, 0, '127.0.07', '2023-03-21 09:26:12', 0),
	(98, 0, 'admin', 1, 30, '응급실 검색 서비스 긴급 점검', '전국 응급실 정보를 제공하는 허브 고장으로 swiftER도 긴급 점검에 들어갑니다. 점검이 끝나면 다시 공지해드리겠습니다', 4, 0, '127.0.0.1', '2023-03-21 09:34:32', 0),
	(99, 0, 'admin', 1, 40, '커뮤니티 우리 동네 게시판 이벤트 안내', '각 지역별 게시판마다 가장 유용한 글을 뽑아서 경품을 드릴 예정입니다. 많은 참여 부탁드립니다. 비속어 사용, 타인 비방 등의 이유로 채택이 취소될 수 있다는 점 유의바랍니다.', 17, 0, '127.0.0.1', '2023-03-21 09:37:35', 0),
	(100, 0, 'admin', 1, 50, '여러분의 소리를 들려주세요', '여러분의 피드백은 swiftER의 발전에 큰 도움이 됩니다. 피드백을 바탕으로 더욱 편리하고 유용한 서비스를 제공하는 swiftER이 되겠습니다', 9, 0, '127.0.0.7', '2023-03-21 09:39:37', 0),
	(102, 0, 'admin', 1, 10, '사이트 정기 점검 안내', '보다 원활한 서비스 이용을 위하여 정기 점검을 시행할 예정입니다. 하기 시간 동안 서비스 이용에 제한이 있을 수 있으니 참고 바랍니다\r\n점검 일시\r\n2023.03.21 23:30 - 2023.03.22 04:00', 11, 0, '127.0.0.1', '2023-03-21 09:23:57', 0),
	(104, 0, 'admin', 1, 30, '응급실 검색 서비스 긴급 점검', '전국 응급실 정보를 제공하는 허브 고장으로 swiftER도 긴급 점검에 들어갑니다. 점검이 끝나면 다시 공지해드리겠습니다', 16, 0, '127.0.0.1', '2023-03-21 09:34:32', 0),
	(105, 0, 'admin', 1, 40, '커뮤니티 우리 동네 게시판 이벤트 안내', '<p>각 지역별 게시판마다 가장 유용한 글을 뽑아서 경품을 드릴 예정입니다. 많은 참여 부탁드립니다. 비속어 사용, 타인 비방 등의 이유로 채택이 취소될 수 있다는 점 유의바랍니다.</p>', 20, 0, '127.0.0.1', '2023-03-29 16:27:00', 0),
	(106, 0, 'admin', 1, 50, '여러분의 소리를 들려주세요', '<p>여러분의 피드백은 swiftER의 발전에 큰 도움이 됩니다. 피드백을 바탕으로 더욱 편리하고 유용한 서비스를 제공하는 swiftER이 되겠습니다</p>', 29, 0, '127.0.0.1', '2023-03-29 16:29:03', 0),
	(108, 0, 'et009153', 3, 50, '파일 첨부가 안되는데 왜 그런 겁니까', '<p>글만 쓰면 잘 올라가는데 파일까지 첨부하면 계속 오류가 뜨네요. 어떻게 해야하나요?</p>', 0, 0, '127.0.0.1', '2023-03-24 03:12:25', 0),
	(109, 0, 'et009153', 3, 10, '글이 안올라가는데요', '<p>&lt;script&gt;alert(\'boo\');&lt;/script&gt;</p>', 0, 0, '127.0.0.1', '2023-03-24 03:13:03', 0),
	(111, 0, 'et009153', 3, 10, '일반 회원에서 의사 회원으로 전환하고 싶은데요', '<p>최근 의사 면허를 취득해서 이제 의사 회원으로 활동하고 싶습니다. 일단 인증을 위해서 면허증 사진도 첨부했는데 어떻게 해야 하나요?</p>', 0, 0, '127.0.0.1', '2023-03-24 04:12:25', 0),
	(118, 0, 'et009153', 1, 40, '테스트입니다', '<p><strong>테스트</strong>입니다</p>', 54, 0, '127.0.0.1', '2023-03-29 16:54:35', 0),
	(121, 0, 'et009153', 3, 50, '문의하기 파일 다운로드가 안되는데요', '<p>빨리 고쳐주세요</p>', 0, 1, '61.34.107.92', '2023-03-30 02:01:08', 0),
	(122, 0, 'admin', 2, 40, '질문 게시판에 답변은 언제 달리나요?', '질문 게시판의 질문에 대해서는 의사 회원님들만 답변이 가능합니다. 의사 회원님들이 답변을 달아주실 때까지 기다려주세요', 0, 0, '127.0.0.1', '2023-03-30 12:54:11', 0),
	(123, 0, 'et009153', 3, 50, '문의하기 테스트입니다', '<p>다중 파일 첨부 및 에디터 테스트</p>', 0, 3, '61.34.107.92', '2023-03-31 00:31:43', 1),
	(127, 123, 'et009153', 3, 50, '문의하기 테스트입니다', '<p>:&lt;행운을 가져다 주는 테스트입니다</p>', 0, 4, '127.0.0.1', '2023-04-03 16:55:16', 0),
	(148, 0, 'et009153', 2, 20, 'faq modify 테스트용입니다', '<p><strong>test&nbsp;</strong><u>test</u></p>', 0, 2, '127.0.0.1', '2023-04-05 15:43:20', 0),
	(150, 0, 'et009153', 2, 50, 'rdate 테스트입니다', '<p>DB에 rdate값 어떻게 저장되는 지 확인하기 위한 테스트입니다</p>', 0, 0, '127.0.0.1', '2023-04-07 04:14:24', 0);

-- 테이블 swiftER.cs_subcate 구조 내보내기
CREATE TABLE IF NOT EXISTS `cs_subcate` (
  `subcate` varchar(50) NOT NULL,
  `subcode` int(11) NOT NULL,
  PRIMARY KEY (`subcode`)
) ENGINE=InnoDB DEFAULT CHARSET=utf8;

-- 테이블 데이터 swiftER.cs_subcate:~5 rows (대략적) 내보내기
INSERT INTO `cs_subcate` (`subcate`, `subcode`) VALUES
	('member', 10),
	('symptoms', 20),
	('er', 30),
	('community', 40),
	('etc', 50);

-- 테이블 swiftER.file 구조 내보내기
CREATE TABLE IF NOT EXISTS `file` (
  `fno` int(11) NOT NULL AUTO_INCREMENT,
  `board` int(11) DEFAULT NULL COMMENT '1: CS, 2: 커뮤니티',
  `cate` int(11) NOT NULL COMMENT '1: CS, 2: 커뮤니티, 3: admin',
  `parent` int(11) unsigned NOT NULL,
  `newName` varchar(255) NOT NULL,
  `oriName` varchar(255) NOT NULL,
  `rdate` datetime NOT NULL,
  PRIMARY KEY (`fno`),
  UNIQUE KEY `newName` (`newName`)
) ENGINE=InnoDB AUTO_INCREMENT=88 DEFAULT CHARSET=utf8;

-- 테이블 데이터 swiftER.file:~13 rows (대략적) 내보내기
INSERT INTO `file` (`fno`, `board`, `cate`, `parent`, `newName`, `oriName`, `rdate`) VALUES
	(63, 1, 3, 121, 'cdeb5e0b-f814-48f2-b58a-523b529856a9.png', '화면 캡처 2023-03-15 124409.png', '2023-03-30 02:01:08'),
	(64, 1, 3, 123, '0a1264e7-501f-42d8-848b-35e191417596.jpg', 'beatlesBirds.jpg', '2023-03-31 00:31:43'),
	(65, 1, 3, 123, '61f26955-8949-42ac-bb24-c55b3b945aec.jpg', 'soberDog.jpg', '2023-03-31 00:31:43'),
	(66, 1, 3, 123, 'f386d591-3d68-496e-b9bf-88e1cf3b2a15.jpg', 'unicornDoggo.jpg', '2023-03-31 00:31:43'),
	(67, 1, 3, 124, '2b68e48c-324c-45ed-9eab-42f95d4a5aa6.png', '화면 캡처 2023-03-15 124409.png', '2023-03-31 01:09:11'),
	(77, 1, 3, 127, 'c8df8701-d03b-41d5-89ca-d0089b721da2.png', '토끼.png', '2023-04-03 16:50:35'),
	(80, 1, 3, 127, '948e460a-06b5-4286-a9c0-88e93513f0b2.png', '마음의양식.png', '2023-04-03 16:54:47'),
	(81, 1, 3, 127, 'e8e0e19b-c119-45eb-9006-2f944f48a509.png', '행운.png', '2023-04-03 16:54:47'),
	(82, 1, 3, 127, '44bff620-82af-4bf3-92e6-ee5d298e9c74.png', '호로록.png', '2023-04-03 16:54:47'),
	(83, 1, 2, 143, '36936fa5-90ca-41d0-914d-5c02108eb32e.jpg', 'autumn doggo.jpg', '2023-04-05 04:41:17'),
	(84, 1, 2, 143, '1e13476e-55fc-4269-8698-5b201292619f.jpg', 'doggo and froggo.jpg', '2023-04-05 04:41:17'),
	(85, 1, 2, 148, '75f2beed-3abd-4232-bf89-124275cda3df.png', '버섯2.png', '2023-04-05 15:30:45'),
	(87, 1, 0, 148, '5da4e66d-99c6-408f-b8bd-50528ab6289a.png', '뾰옹.png', '2023-04-05 15:42:43');

-- 테이블 swiftER.member 구조 내보내기
CREATE TABLE IF NOT EXISTS `member` (
  `uid` varchar(25) NOT NULL,
  `pass` varchar(255) DEFAULT NULL,
  `name` varchar(20) DEFAULT NULL,
  `nickname` varchar(45) DEFAULT NULL,
  `birth` date DEFAULT NULL,
  `email` varchar(255) DEFAULT NULL,
  `contact` varchar(45) DEFAULT NULL,
  `zip` varchar(10) DEFAULT NULL,
  `addr1` varchar(255) DEFAULT NULL,
  `addr2` varchar(255) DEFAULT NULL,
  `grade` tinyint(4) NOT NULL DEFAULT '1',
  `regip` varchar(255) DEFAULT NULL,
  `rdate` datetime DEFAULT NULL,
  `wdate` datetime DEFAULT NULL,
  PRIMARY KEY (`uid`),
  UNIQUE KEY `nickname_UNIQUE` (`nickname`),
  UNIQUE KEY `email_UNIQUE` (`email`)
) ENGINE=InnoDB DEFAULT CHARSET=utf8;

-- 테이블 데이터 swiftER.member:~17 rows (대략적) 내보내기
INSERT INTO `member` (`uid`, `pass`, `name`, `nickname`, `birth`, `email`, `contact`, `zip`, `addr1`, `addr2`, `grade`, `regip`, `rdate`, `wdate`) VALUES
	('abc123', '$2a$10$LbHzoZtggd5d4pomsi0pgu4hunOveB33rxdMlGGm2mWHlj9yoF.jy', '에비씨', '에비씨', '2023-02-27', 'mizhara001@naver.com', '010-1234-1122', '06035', '서울 강남구 가로수길 5', '12121', 0, '127.0.0.1', '2023-03-24 03:52:42', NULL),
	('admin', 'a1234', '관리자', '관리자', '1999-03-14', 'triage@gmail.com', '010-4654-5484', '08754', '08754', '08754', 0, '0.0.0.0.0.1', '2023-03-14 11:19:08', NULL),
	('admin2', '$2a$10$r3pw.kn5ZTf/QlIJMSOgD.R8rJECXApxM3ya3PgDtVxEJM4V9M04q', '김수한무', '거북이', '2023-04-01', 'bogus@gmail.com', '010-2343-2343', '13529', '경기 성남시 분당구 판교역로 166', '가고싶다', 0, '127.0.0.1', '2023-04-12 13:25:36', NULL),
	('admin3', '$2a$10$ty.cj753hSn93cwo20e7buY4VNu1tlOAerxxeavcWO0u3Y7Qc3GMS', '관리자입니다', '관리자3', '2003-07-17', 'abc123456@gmail.com', '010-2343-2343', '13607', '경기 성남시 분당구 내정로 54', '203동', 1, '127.0.0.1', '2023-04-15 21:10:16', NULL),
	('alswns0710', 'a1234', '민준', '민준', '2023-03-28', 'alswns-3948@naver.com', '010-1234-1234', NULL, NULL, NULL, 1, NULL, '2023-03-28 13:29:00', NULL),
	('alswns3906', '$2a$10$NYuFyz0jf25mZypqF5le2OGs0xUKGCMe4LNHBb.HLz1HkTfxkmuoi', '홍길동', '홍민준', '2023-03-21', 'alswns3906@naver.com', '010-5555-1001', '46990', '부산 사상구 가야대로 1', '', 1, '127.0.0.1', '2023-03-28 04:34:03', NULL),
	('chhak0503', '$2a$10$wS3bFg3sD8AUr.LWlEYTKeDXGVmRy.9/JRfnN.h3I8.ZvlylhM2DG', '김철학', '철학', '2022-11-09', 'chhak0503@gmail.com', '010-2312-1010', '48458', '부산 남구 동제당로 167-1', '10층 1004호', 1, '61.34.107.92', '2023-03-31 09:14:25', NULL),
	('et001111', '$2a$10$WWSZ9Y.dke51gSbcE19awuig3Ia61.Lu9rpHoBUSIb5NwAg2kAsRS', '나는의사', '나는의사', '1998-09-03', 'et001111@naver.com', '010-7777-7777', '47037 ', ' 부산 사상구 엄궁로 142', '아파트 203호', 2, '61.34.107.92', '2023-03-31 00:33:46', NULL),
	('et002727', '$2a$10$39Nk7hCmc23eWu08.CSHzeFUt/w5nbi7e18bt6BczwN/4ahSwfw8G', '의사테스트', '의사테스트', '2023-03-30', 'cvnj@gmail.com', '012-4541-7777', '03060', '서울 종로구 안국동 133', '경성대학교 학생회관 2층', 2, '127.0.0.1', '2023-04-11 04:05:42', NULL),
	('et009153', '$2a$10$vjT9trsaNp4I9Tcu1IVRVu6NYe1EqLPUmYpP8OxBjrWxqyP5WJYGO', '김현준', '김밥', '2023-03-02', 'et009153@gmail.com', '010-9153-7494', '02578', '서울 동대문구 안암로 20', '코오롱아파트 107동 1403호', 0, '127.0.0.1', '2023-03-20 02:20:10', NULL),
	('et3333', '$2a$10$DCzAZkF0adDRuul29WFTlOkbZ/pSL9iMmOzBQWOsAbzKyx/.2OCc.', '김수진', '김수진', '2023-03-16', 'tnqls0421@naver.com', '010-1234-8488', '13494', '경기 성남시 분당구 판교역로 235', 'ㄴㄴㄴ', 1, '61.34.107.92', '2023-03-31 02:04:55', NULL),
	('hyun7494', NULL, NULL, NULL, NULL, NULL, NULL, NULL, NULL, NULL, 3, NULL, '2023-03-27 09:24:30', '2023-03-27 00:21:56'),
	('lee123', '$2a$10$UFaAu8T/G6NBvfNy1kV58.QisEu1RT3X2E2tOrBVqDLV942IYm.ZK', '최아영', '최아영123', '2023-03-03', 'dkdkdkcl@naver.com', '010-2121-1010', '46990', '부산 사상구 가야대로 1', '부산광역시의회', 2, '127.0.0.1', '2023-03-20 00:41:37', NULL),
	('test1', '$2a$10$fsWxKu8Ras45qIi96RFHtu5G3/GcZgWa3hSjrKn8SnNhK6b5mcCXy', '아아아아', '가아가아', '2023-03-29', 'werewr@gmail.com', NULL, '18282', '경기 화성시 비봉면 유포리 231-2', '유포', 1, '127.0.0.1', '2023-04-06 03:55:53', NULL),
	('test2', '$2a$10$5BfgQStXnK3SvPIGKzw1tuj1l/p6pY7yWpZ.DpC2CPdEIDSNbmzny', '테스트중', '테스트중', '2023-03-31', 'cxfo@gmail.com', '012-4545-4545', '47387', '부산 부산진구 개금동 620-3', '123123', 2, '127.0.0.1', '2023-04-07 04:27:47', NULL),
	('throwaway', '1', 'burn-E', 'account', '1999-06-14', 'burner@gmail.com', '010-1368-5545', '06256 ', ' aaa', 'aaa', 4, '0.0.0.0.0.1', '0000-00-00 00:00:00', '2023-03-23 04:42:02'),
	('user', 'u1234', '유저', '일반유저', '1994-05-23', 'shining@gmail.com', '010-6464-4948', '08754', '08754', '08754', 1, '0.0.0.0.0.1', '2023-03-14 12:22:08', NULL);

-- 테이블 swiftER.member_doctor 구조 내보내기
CREATE TABLE IF NOT EXISTS `member_doctor` (
  `member_uid` varchar(25) NOT NULL,
  `kind` varchar(25) DEFAULT NULL COMMENT '1 : 일반의, 2 : 전문의',
  `specialty` varchar(45) DEFAULT NULL,
  `cert_oriName` varchar(255) DEFAULT NULL,
  `cert_newName` varchar(255) DEFAULT NULL,
  `verified` tinyint(4) NOT NULL DEFAULT '0',
  `veriMsg` varchar(255) DEFAULT NULL,
  PRIMARY KEY (`member_uid`),
  CONSTRAINT `fk_member_doctor_member` FOREIGN KEY (`member_uid`) REFERENCES `member` (`uid`) ON DELETE NO ACTION ON UPDATE NO ACTION
) ENGINE=InnoDB DEFAULT CHARSET=utf8;

-- 테이블 데이터 swiftER.member_doctor:~4 rows (대략적) 내보내기
INSERT INTO `member_doctor` (`member_uid`, `kind`, `specialty`, `cert_oriName`, `cert_newName`, `verified`, `veriMsg`) VALUES
	('et001111', '전문의', '내과', '화면 캡처 2023-03-15 124409.png', '2b68e48c-324c-45ed-9eab-42f95d4a5aa6.png', 0, '심사중입니다'),
	('et002727', '일반의', '내과', 'swifter 최종.png', 'c3c2d717-fb04-42a2-8a51-3a379e4b1fc2.png', 0, '심사중입니다'),
	('lee123', '전문의', '내과', '화면 캡처 2023-03-15 124409.png', '2b68e48c-324c-45ed-9eab-42f95d4a5aa6.png', 0, '심사중입니다'),
	('throwaway', '', '', '', NULL, 0, '사진 파일 확인이 불가합니다');

-- 테이블 swiftER.member_history 구조 내보내기
CREATE TABLE IF NOT EXISTS `member_history` (
  `uid` varchar(50) NOT NULL,
  `hospital` varchar(50) NOT NULL,
  `symptom` varchar(50) NOT NULL,
  `rdate` date NOT NULL,
  KEY `uid` (`uid`),
  CONSTRAINT `uid` FOREIGN KEY (`uid`) REFERENCES `member` (`uid`) ON DELETE NO ACTION ON UPDATE NO ACTION
) ENGINE=InnoDB DEFAULT CHARSET=utf8;

-- 테이블 데이터 swiftER.member_history:~3 rows (대략적) 내보내기
INSERT INTO `member_history` (`uid`, `hospital`, `symptom`, `rdate`) VALUES
	('et002727', '서울대병원', '많이 아픔', '2023-04-06'),
	('et002727', '부산대병원', '감기', '2023-05-11'),
	('et009153', '부산대병원', '눈꼽', '2023-05-11');

-- 테이블 swiftER.member_terms 구조 내보내기
CREATE TABLE IF NOT EXISTS `member_terms` (
  `termsOfUse` text NOT NULL,
  `privacy` text NOT NULL,
  `location` text NOT NULL
) ENGINE=InnoDB DEFAULT CHARSET=utf8;

-- 테이블 데이터 swiftER.member_terms:~1 rows (대략적) 내보내기
INSERT INTO `member_terms` (`termsOfUse`, `privacy`, `location`) VALUES
	('\r\n\r\n제 1 장 총 칙\r\n\r\n \r\n\r\n제 1 조 (목적)\r\n이 약관은 swiftER(이하 "사이트"라 합니다)에서 제공하는 인터넷서비스(이하 "서비스"라 합니다)의 이용 조건 및 절차에 관한 기본적인 사항을 규정함을 목적으로 합니다.\r\n\r\n \r\n\r\n제 2 조 (약관의 효력 및 변경)\r\n① 이 약관은 서비스 화면이나 기타의 방법으로 이용고객에게 공지함으로써 효력을 발생합니다.\r\n② 사이트는 이 약관의 내용을 변경할 수 있으며, 변경된 약관은 제1항과 같은 방법으로 공지 또는 통지함으로써 효력을 발생합니다.\r\n\r\n \r\n\r\n제 3 조 (용어의 정의)\r\n이 약관에서 사용하는 용어의 정의는 다음과 같습니다.\r\n① 회원 : 사이트와 서비스 이용계약을 체결하거나 이용자 아이디(ID)를 부여받은 개인 또는 단체를 말합니다.\r\n② 신청자 : 회원가입을 신청하는 개인 또는 단체를 말합니다.\r\n③ 아이디(ID) : 회원의 식별과 서비스 이용을 위하여 회원이 정하고 사이트가 승인하는 문자와 숫자의 조합을 말합니다.\r\n④ 비밀번호 : 회원이 부여 받은 아이디(ID)와 일치된 회원임을 확인하고, 회원 자신의 비밀을 보호하기 위하여 회원이 정한 문자와 숫자의 조합을 말합니다.\r\n⑤ 해지 : 사이트 또는 회원이 서비스 이용계약을 취소하는 것을 말합니다.\r\n\r\n \r\n\r\n제 2 장 서비스 이용계약\r\n\r\n \r\n\r\n제 4 조 (이용계약의 성립)\r\n① 이용약관 하단의 동의 버튼을 누르면 이 약관에 동의하는 것으로 간주됩니다.\r\n② 이용계약은 서비스 이용희망자의 이용약관 동의 후 이용 신청에 대하여 사이트가 승낙함으로써 성립합니다.\r\n\r\n \r\n\r\n제 5 조 (이용신청)\r\n① 신청자가 본 서비스를 이용하기 위해서는 사이트 소정의 가입신청 양식에서 요구하는 이용자 정보를 기록하여 제출해야 합니다.\r\n② 가입신청 양식에 기재하는 모든 이용자 정보는 모두 실제 데이터인 것으로 간주됩니다. 실명이나 실제 정보를 입력하지 않은 사용자는 법적인 보호를 받을 수 없으며, 서비스의 제한을 받을 수 있습니다.\r\n\r\n \r\n\r\n제 6 조 (이용신청의 승낙)\r\n① 사이트는 신청자에 대하여 제2항, 제3항의 경우를 예외로 하여 서비스 이용신청을 승낙합니다.\r\n② 사이트는 다음에 해당하는 경우에 그 신청에 대한 승낙 제한사유가 해소될 때까지 승낙을 유보할 수 있습니다.\r\n가. 서비스 관련 설비에 여유가 없는 경우\r\n나. 기술상 지장이 있는 경우\r\n다. 기타 사이트가 필요하다고 인정되는 경우\r\n③ 사이트는 신청자가 다음에 해당하는 경우에는 승낙을 거부할 수 있습니다.\r\n가. 다른 개인(사이트)의 명의를 사용하여 신청한 경우\r\n나. 이용자 정보를 허위로 기재하여 신청한 경우\r\n다. 사회의 안녕질서 또는 미풍양속을 저해할 목적으로 신청한 경우\r\n라. 기타 사이트 소정의 이용신청요건을 충족하지 못하는 경우\r\n\r\n \r\n\r\n제 7 조 (이용자정보의 변경)\r\n회원은 이용 신청시에 기재했던 회원정보가 변경되었을 경우에는, 온라인으로 수정하여야 하며 변경하지 않음으로 인하여 발생되는 모든 문제의 책임은 회원에게 있습니다.\r\n\r\n \r\n\r\n제 3 장 계약 당사자의 의무\r\n\r\n \r\n\r\n제 8 조 (사이트의 의무)\r\n① 사이트는 회원에게 각 호의 서비스를 제공합니다.\r\n가. 신규서비스와 도메인 정보에 대한 뉴스레터 발송\r\n나. 추가 도메인 등록시 개인정보 자동 입력\r\n다. 도메인 등록, 관리를 위한 각종 부가서비스\r\n② 사이트는 서비스 제공과 관련하여 취득한 회원의 개인정보를 회원의 동의없이 타인에게 누설, 공개 또는 배포할 수 없으며, 서비스관련 업무 이외의 상업적 목적으로 사용할 수 없습니다. 단, 다음 각 호의 1에 해당하는 경우는 예외입니다.\r\n가. 전기통신기본법 등 법률의 규정에 의해 국가기관의 요구가 있는 경우\r\n나. 범죄에 대한 수사상의 목적이 있거나 정보통신윤리 위원회의 요청이 있는 경우\r\n다. 기타 관계법령에서 정한 절차에 따른 요청이 있는 경우\r\n③ 사이트는 이 약관에서 정한 바에 따라 지속적, 안정적으로 서비스를 제공할 의무가 있습니다.\r\n\r\n \r\n\r\n제 9 조 (회원의 의무)\r\n① 회원은 서비스 이용 시 다음 각 호의 행위를 하지 않아야 합니다.\r\n가. 다른 회원의 ID를 부정하게 사용하는 행위\r\n나. 서비스에서 얻은 정보를 사이트의 사전승낙 없이 회원의 이용 이외의 목적으로 복제하거나 이를 변경, 출판 및 방송 등에 사용하거나 타인에게 제공하는 행위\r\n다. 사이트의 저작권, 타인의 저작권 등 기타 권리를 침해하는 행위\r\n라. 공공질서 및 미풍양속에 위반되는 내용의 정보, 문장, 도형 등을 타인에게 유포하는 행위\r\n마. 범죄와 결부된다고 객관적으로 판단되는 행위\r\n바. 기타 관계법령에 위배되는 행위\r\n② 회원은 관계법령, 이 약관에서 규정하는 사항, 서비스 이용 안내 및 주의 사항을 준수하여야 합니다.\r\n③ 회원은 내용별로 사이트가 서비스 공지사항에 게시하거나 별도로 공지한 이용 제한 사항을 준수하여야 합니다.\r\n\r\n \r\n\r\n제 4 장 서비스 제공 및 이용\r\n\r\n \r\n\r\n제 10 조 (회원 아이디(ID)와 비밀번호 관리에 대한 회원의 의무)\r\n① 아이디(ID)와 비밀번호에 대한 모든 관리는 회원에게 책임이 있습니다. 회원에게 부여된 아이디(ID)와 비밀번호의 관리소홀, 부정사용에 의하여 발생하는 모든 결과에 대한 전적인 책임은 회원에게 있습니다.\r\n② 자신의 아이디(ID)가 부정하게 사용된 경우 또는 기타 보안 위반에 대하여, 회원은 반드시 사이트에 그 사실을 통보해야 합니다.\r\n\r\n \r\n\r\n제 11 조 (서비스 제한 및 정지)\r\n① 사이트는 전시, 사변, 천재지변 또는 이에 준하는 국가비상사태가 발생하거나 발생할 우려가 있는 경우와 전기통신사업법에 의한 기간통신 사업자가 전기통신서비스를 중지하는 등 기타 불가항력적 사유가 있는 경우에는 서비스의 전부 또는 일부를 제한하거나 정지할 수 있습니다.\r\n② 사이트는 제1항의 규정에 의하여 서비스의 이용을 제한하거나 정지할 때에는 그 사유 및 제한기간 등을 지체없이 회원에게 알려야 합니다.\r\n\r\n \r\n\r\n제5장 계약사항의 변경, 해지\r\n\r\n \r\n\r\n제 12 조 (정보의 변경)\r\n회원이 주소, 비밀번호 등 고객정보를 변경하고자 하는 경우에는 홈페이지의 회원정보 변경 서비스를 이용하여 변경할 수 있습니다.\r\n\r\n \r\n\r\n제 13 조 (계약사항의 해지)\r\n회원은 서비스 이용계약을 해지할 수 있으며, 해지할 경우에는 본인이 직접 서비스를 통하거나 전화 또는 온라인 등으로 사이트에 해지신청을 하여야 합니다. 사이트는 해지신청이 접수된 당일부터 해당 회원의 서비스 이용을 제한합니다. 사이트는 회원이 다음 각 항의 1에 해당하여 이용계약을 해지하고자 할 경우에는 해지조치 7일전까지 그 뜻을 이용고객에게 통지하여 소명할 기회를 주어야 합니다.\r\n① 이용고객이 이용제한 규정을 위반하거나 그 이용제한 기간 내에 제한 사유를 해소하지 않는 경우\r\n② 정보통신윤리위원회가 이용해지를 요구한 경우\r\n③ 이용고객이 정당한 사유 없이 의견진술에 응하지 아니한 경우\r\n④ 타인 명의로 신청을 하였거나 신청서 내용의 허위 기재 또는 허위서류를 첨부하여 이용계약을 체결한 경우\r\n사이트는 상기 규정에 의하여 해지된 이용고객에 대해서는 별도로 정한 기간동안 가입을 제한할 수 있습니다.\r\n\r\n \r\n\r\n제6장 손해배상\r\n\r\n \r\n\r\n제 14 조 (면책조항)\r\n① 사이트는 회원이 서비스 제공으로부터 기대되는 이익을 얻지 못하였거나 서비스 자료에 대한 취사선택 또는 이용으로 발생하는 손해 등에 대해서는 책임이 면제됩니다.\r\n② 사이트는 회원의 귀책사유나 제3자의 고의로 인하여 서비스에 장애가 발생하거나 회원의 데이터가 훼손된 경우에 책임이 면제됩니다.\r\n③ 사이트는 회원이 게시 또는 전송한 자료의 내용에 대해서는 책임이 면제됩니다.\r\n④ 상표권이 있는 도메인의 경우, 이로 인해 발생할 수도 있는 손해나 배상에 대한 책임은 구매한 회원 당사자에게 있으며, 사이트는 이에 대한 일체의 책임을 지지 않습니다.\r\n\r\n \r\n\r\n제 15 조 (관할법원)\r\n\r\n \r\n\r\n서비스와 관련하여 사이트와 회원간에 분쟁이 발생할 경우 사이트의 본사 소재지를 관할하는 법원을 관할법원으로 합니다.\r\n\r\n \r\n\r\n[부칙]\r\n\r\n \r\n\r\n(시행일) 이 약관은 2023년 03월부터 시행합니다.', '\r\n1 개인정보의 처리 목적\r\n•	① swiftER은(는) 다음의 목적을 위하여 개인정보를 처리하고 있으며, 다음의 목적 이외의 용도로는 이용하지 않습니다.\r\no	고객 가입의사 확인, 고객에 대한 서비스 제공에 따른 본인 식별·인증, 회원자격 유지·관리, 물품 또는 서비스 공급에 따른 금액 결제, 물품 또는 서비스의 공급·배송, 마케팅 및 광고에의 활용\r\n2 개인정보의 처리 및 보유 기간 작성\r\n•	① swiftER은(는) 정보주체로부터 개인정보를 수집할 때 동의 받은 개인정보 보유·이용기간 또는 법령에 따른 개인정보 보유·이용기간 내에서 개인정보를 처리·보유합니다.\r\n•	② 구체적인 개인정보 처리 및 보유 기간은 다음과 같습니다.\r\no	고객 가입 및 관리 : 서비스 이용계약 또는 회원가입 해지시까지, 다만 채권·채무관계 잔존시에는 해당 채권·채무관계 정산시까지\r\no	전자상거래에서의 계약·청약철회, 대금결제, 재화 등 공급기록 : 5년\r\n3 정보주체와 법정대리인의 권리·의무 및 그 행사방법\r\n•	정보주체는 <ㅇㅇㅇ>에 대해 언제든지 다음 각 호의 개인정보 보호 관련 권리를 행사할 수 있습니다.\r\no	1. 개인정보 열람요구\r\no	2. 오류 등이 있을 경우 정정 요구\r\no	3. 삭제요구\r\no	4. 처리정지 요구\r\n4 처리하는 개인정보 항목\r\n•	개인정보 처리업무: 홈페이지 회원가입 및 관리, 민원사무 처리, 재화 또는 서비스 제공, 마케팅 및 광고에의 활용\r\n•	필수항목: 로그인ID, 비밀번호, 서비스 이용 기록, 접속 로그, 쿠키, 접속 IP 정보, 결제기록\r\n•	선택항목: 이메일, 성별, 이름\r\n5 개인정보의 파기\r\n•	파기절차\r\n이용자가 입력한 정보는 목적 달성 후 별도의 DB에 옮겨져(종이의 경우 별도의 서류) 내부 방침 및 기타 관련 법령에 따라 일정기간 저장된 후 혹은 즉시 파기됩니다. 이 때, DB로 옮겨진 개인정보는 법률에 의한 경우가 아니고서는 다른 목적으로 이용되지 않습니다.\r\n•	파기기한\r\n이용자의 개인정보는 개인정보의 보유기간이 경과된 경우에는 보유기간의 종료일로부터 5일 이내에, 개인정보의 처리 목적 달성, 해당 서비스의 폐지, 사업의 종료 등 그 개인정보가 불필요하게 되었을 때에는 개인정보의 처리가 불필요한 것으로 인정되는 날로부터 5일 이내에 그 개인정보를 파기합니다.\r\n6 개인정보 자동 수집 장치의 설치·운영 및 그 거부에 관한 사항\r\n•	① <ㅇㅇㅇ>은 개별적인 맞춤서비스를 제공하기 위해 이용정보를 저장하고 수시로 불러오는 ‘쿠키(cookie)’를 사용합니다.\r\n•	② 쿠키는 웹사이트를 운영하는데 이용되는 서버(http)가 이용자의 컴퓨터 브라우저에게 보내는 소량의 정보이며 이용자들의 컴퓨터 내의 하드디스크에 저장되기도 합니다.\r\no	가. 쿠키의 사용 목적 : 이용자가 방문한 각 서비스와 웹 사이트들에 대한 방문 및 이용형태, 인기 검색어, 보안접속 여부, 등을 파악하여 이용자에게 최적화된 정보 제공을 위해 사용됩니다.\r\no	나. 쿠키의 설치·운영 및 거부 : 웹브라우저 상단의 도구>인터넷 옵션>개인정보 메뉴의 옵션 설정을 통해 쿠키 저장을 거부 할 수 있습니다.\r\no	다. 쿠키 저장을 거부할 경우 맞춤형 서비스 이용에 어려움이 발생할 수 있습니다.\r\n7 개인정보 보호책임자\r\n•	이름: 홍길동\r\n•	소속: 운영팀\r\n•	전화: 02-1234-5678\r\n•	이메일: swiftER@example.com\r\n8 개인정보의 안전성 확보 조치\r\n•	개인정보의 암호화\r\no	이용자의 비밀번호는 암호화 되어 저장 및 관리되고 있어, 본인만이 알 수 있으며 중요한 데이터는 파일 및 전송 데이터를 암호화 하거나 파일 잠금 기능을 사용하는 등의 별도 보안기능을 사용하고 있습니다.\r\n9 개인정보처리방침의 변경\r\n•	이 개인정보처리방침은 시행일로부터 적용되며, 법령 및 방침에 따른 변경내용의 추가, 삭제 및 정정이 있는 경우에는 변경사항의 시행 7일 전부터 공지사항을 통하여 고지할 것입니다.\r\no	공고일자 : 2023년 03월 13일\r\no	시행일자 : 2023년 03월 13일', '\r\n제1조 (목적)\r\n이 약관은 swiftER(이하 “회사”)이 제공하는 “이용자 위치기반 주변매장 찾기”(이하 “서비스”)에 관하여 서비스에 동의한 고객이 서비스를 이용하는 데 필요한 회사와 고객의 권리 및 의무, 기타 제반 사항을 규정함을 목적으로 합니다.\r\n제2조 (정의)\r\n① 이 약관에서 사용하는 용어의 정의는 다음과 같습니다.\r\n1. “이용자 위치기반 주변병원 찾기”서비스: 개인위치정보주체의 모바일 기기로부터 수집한 현 위치 정보를 기반으로 가까운 매장에 관한 정보를 개인위치정보주체에게 무상으로 제공하는 관련 제반 서비스를 말합니다.\r\n2. 사이트: 서비스를 제공하기 위한 컴퓨터 등 정보통신설비를 이용하여 설정한 가상의 영업장을 말하며, 아울러 이를 운영하는 사업자의 의미로도 사용합니다.\r\n3. 회원: 서비스에 동의한 자로서 이 약관에 동의한 자를 말합니다.\r\n4. 비회원: 회원으로 가입하지 않고 회사가 제공하는 서비스를 이용하는 자를 말합니다.\r\n5. 이용자: 회사가 제공하는 본 위치기반서비스에 동의하고 이를 이용하는 회원 및 비회원을 말합니다.\r\n② 위 가.항에서 정의되지 않은 이 약관상의 용어의 의미는 관계법령, 사이트 등의 이용약관 또는 상관례에 의합니다.\r\n제3조 (계약의 체결 및 해지)\r\n① 고객은 회사의 서비스를 이용하고자 하는 경우, 약관의 고지 내용에 따라 위치기반서비스에 가입하게 됩니다. 회원의 경우 회원가입시 동의절차를 밟으며, 비회원인 경우 서비스를 이용하는 동안 이 약관에 동의한 것으로 간주합니다.\r\n② 고객은 계약을 해지하고자 할 때에는 가입 회원탈퇴를 하거나, 회사의 개인정보보호 담당자에게 이메일을 통해 해지신청을 하여야 합니다.\r\n제4조 (약관의 명시와 개정 등)\r\n① 회사는 이 약관을 이용자가 쉽게 알 수 있도록 “이용자 위치기반 주변매장 찾기” 서비스(이하“서비스”라고 합니다)가 제공되는 사이트 등의 초기서비스 화면에 게시합니다. 다만, 약관의 내용은 이용자가 연결화면을 통하여 볼 수 있도록 할 수 있습니다.\r\n② 회사는 “약관의 규제에 관한 법률”, “위치정보의 보호 및 이용 등에 관한 법률” 등 관련법령을 위반하지 않는 범위 내에서 이 약관을 개정할 수 있습니다. 회사가 약관을 개정하는 경우에는 개정된 약관의 적용일자 및 개정사유를 명시하여 현행약관과 함께 가.항의 방법으로 그 적용일자 7일 전부터 적용일자 전일까지 공지합니다. 다만, 이용자의 권리·의무에 중대한 영향을 주는 변경인 경우에는 그 적용일자 30일 전부터 적용일자 전일까지 공지합니다.\r\n③ 회사가 전항에 따라 개정약관을 공지한 경우 이용자가 개정약관 적용일자 이전까지 명시적으로 거부의 의사표시를 하지 않은 경우에는 개정약관에 동의한 것으로 봅니다.\r\n④ 이 약관에서 정하지 아니한 사항이나 해석에 대해서는 별도의 회사 정책, 관계법령 또는 상관례에 의합니다. 이용자는 회사가 제공하는 서비스를 이용함에 있어 관련법령을 모두 준수하여야 하고, 이 약관의 규정을 들어 관련법령 위반에 대한 면책을 주장할 수 없습니다.\r\n제5조 (회사의 정책 및 서비스)\r\n① 회사는 원활한 “서비스 유지 및 이용자의 보호를 위해 별도의 정책 및 내용을 정할 수 있으며, 필요한 경우 이를 변경할 수 있습니다.\r\n② 이용자는 회사가 정한 정책을 확인하고 준수하여야 합니다.\r\n제6조 서비스의 내용 및 이용요금\r\n서비스의 내용	이용요금\r\n주변 매장 찾기\r\n- 현재의 위치를 기반으로 주변 매장의 위치와 정보를 제공하는 서비스\r\n\r\n무료\r\n* 무선서비스 이용 시 발생하는 데이터 통신료는 별도이며, 이용자가 가입한 각 이동통신사의 정책에 따릅니다.\r\n\r\n제7조 개인위치정보의 이용 또는 제공\r\n① 회사는 개인정보위치정보를 이용하여 서비스를 제공하고자 하는 경우에는 본 약관에 대해 개인위치정보주체의 동의를 얻어야 합니다.\r\n② 회사는 타사업자와의 요금정산 및 민원처리를 위해 위치정보 이용ㆍ제공ㆍ사실 확인자료를 자동 기록ㆍ보존하며, 해당 자료는 6개월간 보관합니다.\r\n③ 회사는 개인위치정보주체의 동의 없이 개인위치 정보를 제3자에게 제공하지 아니하며, 제3자에게 개인위치정보를 제공하는 경우 제공 받는 자 및 제공목적을 사전에 개인위치정보주체에게 고지하고 동의를 받습니다.\r\n④ 회사는 개인위치정보를 이용자가 지정하는 제3자에게 제공할 경우, 개인위치정보를 수집한 당해 통신단말장치로 매회 이용자에게 제공받는 자, 제공일시 및 제공목적을 즉시 통보합니다. 단, 아래 각호 1에 해당하는 경우에는 이용자가 미리 특정하여 지정한 통신 단말장치 또는 전자우편주소로 통보합니다.\r\n1. 개인위치정보를 수집한 당해 통신단말장치가 문자, 음성 또는 영상의 수신기능을 갖추지 아니한 경우\r\n2. 이용자가 온라인 게시 등의 방법으로 통보할 것을 미리 요청한 경우\r\n제8조 개인위치정보주체의 권리\r\n① 개인위치정보주체는 회사에 대하여 언제든지 개인위치정보를 이용한 위치기반서비스 제공 및 개인위치정보의 제3자 제공에 대한 동의의 전부 또는 일부를 철회할 수 있습니다. 이 경우 회사는 수집한 개인위치정보 및 위치정보 이용, 제공사실 확인자료(동의의 일부를 철회한 경우에는 철회하는 부분의 확인자료)를 파기합니다.\r\n② 개인위치정보주체는 회사에 대하여 언제든지 개인위치정보의 수집, 이용 또는 제공의 일시적인 중지를 요구할 수 있습니다. 이 경우 회사는 이를 거절하지 아니하며, 이를 위한 기술적 조치를 취합니다.\r\n③ 개인위치정보주체는 회사에 대하여 아래 각 호의 자료에 대한 열람 또는 고지를 요구할 수 있고, 당해 자료에 오류가 있는 경우에는 그 정정을 요구할 수 있습니다. 이 경우 회사는 정당한 사유 없이 개인위치정보주체의 요구를 거절할 수 없습니다.\r\n1. 개인위치정보주체에 대한 위치정보 이용, 제공사실 확인자료\r\n2. 개인위치정부주체의 개인위치정보가 위치정보의 보호 및 이용 등에 관한 법률 또는 다른 법률 규정에 의하여 제3자에게 제공된 이유 및 내용\r\n제9조 적용 제외\r\n만 14세 미만 아동은 서비스 이용이 불가합니다. 회사는 만 14세 미만 아동의 위치정보를 수집하지 않으며, 14세 미만의 이용자에 대해서는 위치기반서비스와 관련한 민원 발생 등에 대해서는 책임을 지지 않습니다.\r\n제10조 회사의 주소 및 연락처 등\r\n① 회사의 상호, 주소 및 연락처\r\n상호 : swiftER\r\n\r\n대표: 홍길동\r\n\r\n주소 : 부산 남구 수영로 299 루미너스 빌딩 10층\r\n\r\n대표전화 : 1234-5678\r\n\r\n② 회사는 위치정보를 적절히 관리∙보호하고 개인위치정보주체의 불만을 원활히 처리할 수 있도록 실질적인 책임을 질 수 있는 자를 위치정보관리책임자로 지정해 운영합니다. 위치정보관리책임자의 성명과 연락처는 아래와 같습니다.\r\n성명 : 홍길동\r\n\r\n대표전화 : 1234-5678\r\n\r\n위치정보문의 : 웹사이트 > 고객센터 > FAQ > 회원/정보관리 > 문의하기\r\n\r\n제11조 서비스의 성격과 회사의 면책\r\n① 회사가 이용자에게 제공하는 서비스는 이용자가 자신의 위치를 기반으로 가까운 매장에 관한 정보를 게재 및 열람하고 이를 통하여 매장 방문과 관련하여 도움을 얻을 수 있도록 정보를 수집 및 게재하는 것에 국한합니다.\r\n② 회사가 위치정보의 보호 및 이용 등에 관한 법률 제15조 내지 제26조의 규정을 위반한 행위로 이용자에게 손해가 발생한 경우 이용자는 회사에 대하여 손해배상 청구를 할 수 있습니다. 이경우 회사는 고의, 과실이 없음을 입증하지 못하는 경우 책임을 면할 수 없습니다.\r\n③ 회사는 천재지변 또는 이에 준하는 불가항력, 정보통신설비의 보수점검, 교체 또는 고장, 통신의 두절 등으로 인하여 일시적 또는 종국적으로 서비스를 제공할 수 없는 경우, 서비스 제공에 관한 책임이 면제됩니다. 이 경우 회사는 한샘닷컴 초기 서비스화면에 게시하거나 기타의 방법으로 이용자에게 통지합니다.\r\n④ 회사는 이용자의 귀책사유로 인한 서비스 이용의 장애에 대하여 책임을 지지 않습니다.\r\n⑤ 회사는 회사 또는 다른 이용자가 게재한 정보, 자료, 사실의 정확성 및 신뢰성 등을 보증하지 않으며, 이를 신뢰함으로써 이용자 기타 제3자가 입은 손해에 대하여 책임을 지지 않습니다.\r\n제12조 분쟁의 조정 및 기타\r\n① 회사는 위치정보와 관련된 분쟁에 대해 당사자간 협의가 이루어지지 아니하거나 협의를 할수 없는 경우에는 위치정보의 보호 및 이용 등에 관한 법률 제28조의 규정에 의한 방송통신위원회에 재정을 신청할 수 있습니다.\r\n② 회사 또는 이용자는 위치정보와 관련된 분쟁에 대해 당사자간 협의가 이루어지지 아니하거나 협의를 할 수 없는 경우에는 개인정보보호법 제43조의 규정에 의한 개인정보분쟁조정위원회에 조정을 신청할 수 있습니다.\r\n부칙(2023. 3. 13.)\r\n제1조 (시행일) 이 약관은 2023년 3월 13일부터 시행한다.');

-- 테이블 swiftER.messages 구조 내보내기
CREATE TABLE IF NOT EXISTS `messages` (
  `Id` int(11) NOT NULL AUTO_INCREMENT,
  `sender` varchar(50) NOT NULL,
  `receiver` varchar(50) NOT NULL,
  `message` varchar(255) NOT NULL,
  `isRead` int(11) NOT NULL DEFAULT '0' COMMENT '0: not read yet, 1: read',
  `rdate` datetime NOT NULL,
  PRIMARY KEY (`Id`),
  KEY `sender` (`sender`),
  KEY `receiver` (`receiver`),
  CONSTRAINT `receiver` FOREIGN KEY (`receiver`) REFERENCES `member` (`uid`) ON DELETE NO ACTION ON UPDATE NO ACTION,
  CONSTRAINT `sender` FOREIGN KEY (`sender`) REFERENCES `member` (`uid`) ON DELETE NO ACTION ON UPDATE NO ACTION
) ENGINE=InnoDB AUTO_INCREMENT=206 DEFAULT CHARSET=utf8;

-- 테이블 데이터 swiftER.messages:~97 rows (대략적) 내보내기
INSERT INTO `messages` (`Id`, `sender`, `receiver`, `message`, `isRead`, `rdate`) VALUES
	(108, 'et009153', 'et002727', 'hello', 1, '2023-05-04 01:02:52'),
	(109, 'et002727', 'et009153', 'hey', 1, '2023-05-05 01:03:12'),
	(110, 'et009153', 'et002727', 'sup', 1, '2023-05-05 01:38:31'),
	(111, 'et002727', 'et009153', 'not much', 1, '2023-05-06 01:52:59'),
	(112, 'et002727', 'et009153', 'you', 1, '2023-05-06 01:53:04'),
	(113, 'et009153', 'et002727', 'fine i guess', 1, '2023-05-06 01:53:10'),
	(114, 'et002727', 'et009153', 'what\'s up with the date thingy', 1, '2023-05-06 01:53:20'),
	(115, 'et002727', 'et009153', 'i have no idea', 1, '2023-05-06 01:53:28'),
	(116, 'et009153', 'et002727', 'i guess that\'s my line', 1, '2023-05-06 01:53:41'),
	(117, 'et002727', 'et009153', 'yeah apologies', 1, '2023-05-06 01:53:47'),
	(118, 'et009153', 'et002727', 'it\'s alright', 1, '2023-05-06 03:08:39'),
	(119, 'et009153', 'et002727', 'yeah', 1, '2023-05-06 03:09:46'),
	(120, 'et009153', 'et002727', 'hooman', 1, '2023-05-06 03:10:15'),
	(121, 'et009153', 'et002727', 'yo', 1, '2023-05-06 03:15:31'),
	(122, 'et009153', 'et002727', 'you listening', 1, '2023-05-06 03:18:20'),
	(123, 'et009153', 'et002727', '?', 1, '2023-05-06 03:20:01'),
	(124, 'et009153', 'et002727', '?', 1, '2023-05-06 03:20:04'),
	(125, 'et009153', 'et002727', '???', 1, '2023-05-06 03:20:48'),
	(126, 'et002727', 'et009153', '아아', 1, '2023-05-06 12:53:31'),
	(127, 'et002727', 'et009153', 'bye', 1, '2023-05-06 13:01:53'),
	(128, 'et009153', 'et002727', 'ok bye', 1, '2023-05-06 13:07:39'),
	(129, 'et009153', 'et002727', 'we\'re not done yet', 1, '2023-05-06 13:11:42'),
	(130, 'et009153', 'admin2', 'juntos', 1, '2023-05-06 13:17:30'),
	(131, 'admin2', 'et009153', 'no tu sola', 1, '2023-05-06 13:21:41'),
	(132, 'admin2', 'et009153', 'no', 1, '2023-05-06 13:22:15'),
	(133, 'et009153', 'et002727', 'yo', 1, '2023-05-06 13:24:02'),
	(134, 'et009153', 'admin2', 'yo', 1, '2023-05-06 13:24:14'),
	(135, 'admin2', 'et009153', 'test', 1, '2023-05-06 13:33:03'),
	(136, 'admin2', 'et009153', 'ya hear me', 1, '2023-05-06 13:35:23'),
	(137, 'admin2', 'et009153', 'test', 1, '2023-05-06 13:36:36'),
	(138, 'admin2', 'et009153', 'cual es tu nombre', 1, '2023-05-06 13:37:16'),
	(139, 'admin2', 'et009153', 'jajajaja', 1, '2023-05-06 14:01:05'),
	(140, 'et002727', 'et009153', 'hi', 1, '2023-05-06 14:57:07'),
	(141, 'et002727', 'et009153', 'agadadsgas', 1, '2023-05-06 14:59:55'),
	(142, 'et002727', 'et009153', 'aaaaaaaa', 1, '2023-05-06 15:01:37'),
	(143, 'et002727', 'et009153', 'bbbbbbb', 1, '2023-05-06 15:02:30'),
	(144, 'et002727', 'et009153', 'ccccccccc', 1, '2023-05-06 15:04:07'),
	(145, 'et002727', 'et009153', 'ddddddddd', 1, '2023-05-06 15:06:16'),
	(146, 'et002727', 'et009153', 'eeeeeee', 1, '2023-05-06 15:07:20'),
	(147, 'et002727', 'et009153', 'ffffffffff', 1, '2023-05-06 15:08:54'),
	(148, 'et002727', 'et009153', 'ggggggggg', 1, '2023-05-06 15:13:11'),
	(149, 'et002727', 'et009153', 'hhhhhhhhh', 1, '2023-05-06 15:16:28'),
	(150, 'et002727', 'et009153', 'iiiiiiiiiii', 1, '2023-05-06 15:19:37'),
	(151, 'et002727', 'et009153', 'jjjjjjjjj', 1, '2023-05-06 15:20:29'),
	(152, 'et002727', 'et009153', 'kkkkkkk', 1, '2023-05-06 15:21:54'),
	(153, 'et002727', 'et009153', 'lllllllll', 1, '2023-05-06 15:25:00'),
	(154, 'et002727', 'et009153', 'mmmmmmm', 1, '2023-05-06 15:26:47'),
	(155, 'et002727', 'et009153', 'nnnnnnnnnnnn', 1, '2023-05-06 15:29:37'),
	(156, 'et002727', 'et009153', 'pppppppppp', 1, '2023-05-06 15:31:05'),
	(157, 'et002727', 'et009153', 'qqqqqqqqq', 1, '2023-05-06 15:32:41'),
	(158, 'et002727', 'et009153', 'oooooooo', 1, '2023-05-06 15:34:00'),
	(159, 'et002727', 'et009153', 'rrrrrrrrrr', 1, '2023-05-06 15:34:34'),
	(160, 'et002727', 'et009153', 'hallo', 1, '2023-05-08 09:15:04'),
	(161, 'et002727', 'et009153', 'yo', 1, '2023-05-08 09:15:45'),
	(162, 'et002727', 'et009153', 'plz', 1, '2023-05-08 09:17:24'),
	(163, 'et002727', 'et009153', 'dios mio', 1, '2023-05-08 09:20:09'),
	(164, 'et002727', 'et009153', 'whyyyyyy', 1, '2023-05-08 09:23:09'),
	(165, 'et002727', 'et009153', 'hi', 1, '2023-05-08 09:31:35'),
	(166, 'et002727', 'et009153', 'aaaaa', 1, '2023-05-08 09:32:19'),
	(167, 'et002727', 'et009153', 'bbbbbbb', 1, '2023-05-08 09:32:34'),
	(168, 'et002727', 'et009153', 'ccccccc', 1, '2023-05-08 09:39:41'),
	(169, 'et002727', 'et009153', 'hey', 1, '2023-05-08 09:40:16'),
	(170, 'et002727', 'et009153', 'dddddddd', 1, '2023-05-08 09:42:06'),
	(171, 'et002727', 'et009153', 'estoy muy loquito', 1, '2023-05-08 09:44:58'),
	(172, 'et002727', 'et009153', 'sactela', 1, '2023-05-08 09:48:40'),
	(173, 'et002727', 'et009153', '.....', 1, '2023-05-08 09:50:57'),
	(174, 'et002727', 'et009153', 'midnight, stars and you', 1, '2023-05-08 09:51:56'),
	(175, 'et002727', 'et009153', 'beardo', 1, '2023-05-08 09:54:03'),
	(176, 'et009153', 'et002727', 'chicken teriyaki', 1, '2023-05-08 09:54:56'),
	(177, 'et002727', 'et009153', 'tu eres muy linda', 1, '2023-05-08 10:54:33'),
	(178, 'et002727', 'et009153', 'holaaaaa', 1, '2023-05-08 10:55:31'),
	(179, 'et002727', 'et009153', 'nunca jamas', 1, '2023-05-08 10:56:49'),
	(180, 'et002727', 'et009153', 'oye', 1, '2023-05-08 11:37:24'),
	(181, 'et002727', 'et009153', '테스트입니다', 1, '2023-05-08 11:45:48'),
	(182, 'et002727', 'et009153', '혹시', 1, '2023-05-08 11:45:56'),
	(183, 'et002727', 'et009153', '네', 1, '2023-05-08 11:46:50'),
	(184, 'et002727', 'et009153', '아니오', 1, '2023-05-08 11:47:10'),
	(185, 'et002727', 'et009153', '네', 1, '2023-05-08 11:48:26'),
	(186, 'et002727', 'et009153', '아아아', 1, '2023-05-08 11:49:01'),
	(187, 'et002727', 'et009153', 'where\'s waldo', 1, '2023-05-08 11:50:45'),
	(188, 'et002727', 'et009153', 'where\'s wally?', 1, '2023-05-08 11:50:54'),
	(189, 'et002727', 'et009153', 'too much work ', 1, '2023-05-08 11:59:54'),
	(190, 'et002727', 'et009153', 'again?', 1, '2023-05-08 12:20:37'),
	(191, 'admin2', 'et009153', 'i\'m back', 1, '2023-05-08 12:30:27'),
	(192, 'et002727', 'et009153', 'spring', 1, '2023-05-08 12:30:56'),
	(193, 'et009153', 'et002727', 'hi', 1, '2023-05-08 12:39:54'),
	(194, 'et002727', 'et009153', 'hey', 1, '2023-05-08 12:40:00'),
	(195, 'admin2', 'et009153', 'yo', 1, '2023-05-08 12:40:54'),
	(196, 'admin2', 'et009153', 'huh?', 1, '2023-05-08 12:41:08'),
	(197, 'admin2', 'et009153', 'again?', 1, '2023-05-08 12:41:34'),
	(198, 'admin2', 'et009153', 'doggo', 1, '2023-05-08 12:46:38'),
	(199, 'admin2', 'et009153', '훗', 1, '2023-05-08 13:06:47'),
	(200, 'admin2', 'et009153', '제발', 1, '2023-05-08 13:10:31'),
	(201, 'admin2', 'et009153', 'oui', 1, '2023-05-08 13:32:28'),
	(202, 'et009153', 'admin2', 'casi todo', 0, '2023-05-08 13:34:43'),
	(203, 'et002727', 'et009153', 'well hello there', 0, '2023-05-08 22:43:19'),
	(204, 'admin3', 'et009153', '테스트', 1, '2023-05-08 23:16:37'),
	(205, 'et002727', 'et009153', 'thank you', 0, '2023-05-11 09:38:35');

-- 테이블 swiftER.messages_SEQ 구조 내보내기
CREATE TABLE IF NOT EXISTS `messages_SEQ` (
  `next_val` bigint(20) DEFAULT NULL
) ENGINE=MyISAM DEFAULT CHARSET=utf8;

-- 테이블 데이터 swiftER.messages_SEQ:1 rows 내보내기
/*!40000 ALTER TABLE `messages_SEQ` DISABLE KEYS */;
INSERT INTO `messages_SEQ` (`next_val`) VALUES
	(1);
/*!40000 ALTER TABLE `messages_SEQ` ENABLE KEYS */;

-- 테이블 swiftER.search_body_cate 구조 내보내기
CREATE TABLE IF NOT EXISTS `search_body_cate` (
  `part` varchar(255) NOT NULL,
  `code` int(11) NOT NULL,
  PRIMARY KEY (`code`)
) ENGINE=InnoDB DEFAULT CHARSET=utf8;

-- 테이블 데이터 swiftER.search_body_cate:~6 rows (대략적) 내보내기
INSERT INTO `search_body_cate` (`part`, `code`) VALUES
	('머리', 10),
	('팔다리', 20),
	('상반신', 30),
	('하반신', 40),
	('정신', 50),
	('신경', 60);

-- 테이블 swiftER.search_body_subcate 구조 내보내기
CREATE TABLE IF NOT EXISTS `search_body_subcate` (
  `part` varchar(255) NOT NULL,
  `body1_code` int(11) NOT NULL,
  `code` int(11) NOT NULL,
  PRIMARY KEY (`body1_code`,`code`),
  CONSTRAINT `fk_table1_search_body11` FOREIGN KEY (`body1_code`) REFERENCES `search_body_cate` (`code`) ON DELETE NO ACTION ON UPDATE NO ACTION
) ENGINE=InnoDB DEFAULT CHARSET=utf8;

-- 테이블 데이터 swiftER.search_body_subcate:~32 rows (대략적) 내보내기
INSERT INTO `search_body_subcate` (`part`, `body1_code`, `code`) VALUES
	('눈', 10, 11),
	('코', 10, 12),
	('입/구강', 10, 13),
	('귀', 10, 14),
	('얼굴/피부', 10, 15),
	('목', 10, 16),
	('뇌/혈관/호르몬', 10, 17),
	('두피', 10, 18),
	('팔', 20, 21),
	('다리', 20, 22),
	('손/발', 20, 23),
	('어깨', 20, 24),
	('관절', 20, 25),
	('근육', 20, 26),
	('심장/혈관/림프', 30, 31),
	('폐', 30, 32),
	('배/피부/몸통', 30, 33),
	('위장', 30, 34),
	('가슴', 30, 35),
	('등/허리', 30, 36),
	('간', 30, 37),
	('신장/비장', 30, 38),
	('장', 30, 39),
	('임신', 40, 41),
	('여성 생식기', 40, 42),
	('방광', 40, 43),
	('항문', 40, 44),
	('남성 생식기', 40, 45),
	('골반/둔부', 40, 46),
	('정신', 50, 51),
	('수면', 50, 52),
	('신경', 60, 61);

-- 테이블 swiftER.search_er_cate 구조 내보내기
CREATE TABLE IF NOT EXISTS `search_er_cate` (
  `region` varchar(45) NOT NULL,
  `region_code` int(11) NOT NULL AUTO_INCREMENT,
  PRIMARY KEY (`region_code`)
) ENGINE=InnoDB AUTO_INCREMENT=27 DEFAULT CHARSET=utf8;

-- 테이블 데이터 swiftER.search_er_cate:~17 rows (대략적) 내보내기
INSERT INTO `search_er_cate` (`region`, `region_code`) VALUES
	('강원도', 10),
	('경기도', 11),
	('경상남도', 12),
	('경상북도', 13),
	('광주광역시', 14),
	('대구광역시', 15),
	('대전광역시', 16),
	('부산광역시', 17),
	('서울특별시', 18),
	('세종특별자치시', 19),
	('울산광역시', 20),
	('인천광역시', 21),
	('전라남도', 22),
	('전라북도', 23),
	('제주특별자치도', 24),
	('충청남도', 25),
	('충청북도', 26);

-- 테이블 swiftER.search_er_review 구조 내보내기
CREATE TABLE IF NOT EXISTS `search_er_review` (
  `no` int(11) NOT NULL AUTO_INCREMENT,
  `member_uid` varchar(25) NOT NULL,
  `hospital_code` varchar(45) NOT NULL,
  `hospital_name` varchar(255) NOT NULL,
  `region_code` int(11) NOT NULL,
  `subregion_code` int(11) NOT NULL,
  `title` varchar(255) NOT NULL,
  `rating` int(11) NOT NULL,
  `content` varchar(255) NOT NULL,
  `regip` varchar(45) NOT NULL,
  `rdate` date NOT NULL,
  PRIMARY KEY (`no`,`member_uid`),
  KEY `fk_search_er_review_member1_idx` (`member_uid`),
  KEY `fk_search_er_review_search_er_subcate1_idx` (`region_code`,`subregion_code`),
  CONSTRAINT `fk_search_er_review_member1` FOREIGN KEY (`member_uid`) REFERENCES `member` (`uid`) ON DELETE NO ACTION ON UPDATE NO ACTION,
  CONSTRAINT `fk_search_er_review_search_er_subcate1` FOREIGN KEY (`region_code`, `subregion_code`) REFERENCES `search_er_subcate` (`region_code`, `subregion_code`) ON DELETE NO ACTION ON UPDATE NO ACTION
) ENGINE=InnoDB AUTO_INCREMENT=53 DEFAULT CHARSET=utf8;

-- 테이블 데이터 swiftER.search_er_review:~20 rows (대략적) 내보내기
INSERT INTO `search_er_review` (`no`, `member_uid`, `hospital_code`, `hospital_name`, `region_code`, `subregion_code`, `title`, `rating`, `content`, `regip`, `rdate`) VALUES
	(9, 'alswns3906', 'A2800006', '의료법인숭인의료재단김해복음병원', 12, 22, 'test', 5, 'test', '127.0.0.1', '2023-03-29'),
	(25, 'alswns3906', 'A2800006', '의료법인숭인의료재단김해복음병원', 12, 22, '0330', 3, '0330', '127.0.0.1', '2023-03-30'),
	(26, 'alswns3906', 'A2800006', '의료법인숭인의료재단김해복음병원', 12, 22, 'test', 5, 'test', '127.0.0.1', '2023-03-31'),
	(28, 'alswns3906', 'A2800006', '의료법인숭인의료재단김해복음병원', 12, 22, 'test1', 2, 'test1', '127.0.0.1', '2023-03-31'),
	(29, 'alswns3906', 'A2800006', '의료법인숭인의료재단김해복음병원', 12, 22, 'test', 5, 'test', '127.0.0.1', '2023-03-29'),
	(31, 'alswns3906', 'A2800006', '의료법인숭인의료재단김해복음병원', 12, 22, 'test1', 1, 'test', '127.0.0.1', '2023-03-31'),
	(32, 'alswns3906', 'A2800006', '의료법인숭인의료재단김해복음병원', 12, 22, '11', 1, '11', '127.0.0.1', '2023-03-31'),
	(33, 'alswns3906', 'A2800006', '의료법인숭인의료재단김해복음병원', 12, 22, '11', 2, '11', '127.0.0.1', '2023-03-31'),
	(34, 'alswns3906', 'A2800006', '의료법인숭인의료재단김해복음병원', 12, 22, '11', 2, '11', '127.0.0.1', '2023-03-31'),
	(35, 'alswns3906', 'A2800006', '의료법인숭인의료재단김해복음병원', 12, 22, '11', 1, '11', '127.0.0.1', '2023-03-31'),
	(36, 'alswns3906', 'A2800006', '의료법인숭인의료재단김해복음병원', 12, 22, '22', 3, '22', '127.0.0.1', '2023-03-31'),
	(37, 'alswns3906', 'A1200001', '인제대학교부산백병원', 17, 1, 'test2', 3, 'test2', '61.34.107.92', '2023-03-31'),
	(41, 'alswns3906', 'A2800006', '의료법인숭인의료재단김해복음병원', 12, 22, '5월 2일 테스트 리뷰입니다.', 3, '테스트 내용 입니다.', '127.0.0.1', '2023-05-02'),
	(43, 'et002727', 'A1200005', '의료법인은성의료재단좋은삼선병원', 17, 3, '매우 별로에요', 1, '더러워요', '127.0.0.1', '2023-04-28'),
	(44, 'et002727', 'A1200005', '의료법인은성의료재단좋은삼선병원', 17, 3, '별로에요', 2, '인상이 별로에요', '127.0.0.1', '2023-04-28'),
	(47, 'et002727', 'A1200005', '의료법인은성의료재단좋은삼선병원', 17, 3, '아주 좋아요', 5, '가봤는데 깨끗하고 만족스러워요', '127.0.0.1', '2023-04-28'),
	(48, 'et002727', 'A1200005', '의료법인은성의료재단좋은삼선병원', 17, 3, '적당해요', 3, '무난한 병원이에요', '127.0.0.1', '2023-04-28'),
	(49, 'et002727', 'A1200005', '의료법인은성의료재단좋은삼선병원', 17, 3, '괜찮아요', 4, '만족스러웟어요', '127.0.0.1', '2023-05-01'),
	(51, 'alswns3906', 'A2800006', '의료법인숭인의료재단김해복음병원', 12, 22, 'test', 5, 'test', '127.0.0.1', '2023-05-11'),
	(52, 'et009153', 'A1200005', '의료법인은성의료재단좋은삼선병원', 17, 3, '병원밥이 맛있어요', 5, '의료진분들도 친절하세요', '61.34.107.92', '2023-05-11');

-- 테이블 swiftER.search_er_subcate 구조 내보내기
CREATE TABLE IF NOT EXISTS `search_er_subcate` (
  `subregion` varchar(45) NOT NULL,
  `region` varchar(45) NOT NULL,
  `region_code` int(11) NOT NULL,
  `subregion_code` int(11) NOT NULL,
  PRIMARY KEY (`region_code`,`subregion_code`),
  CONSTRAINT `fk_search_er_subcate_search_er_cate1` FOREIGN KEY (`region_code`) REFERENCES `search_er_cate` (`region_code`) ON DELETE NO ACTION ON UPDATE NO ACTION
) ENGINE=InnoDB DEFAULT CHARSET=utf8;

-- 테이블 데이터 swiftER.search_er_subcate:~257 rows (대략적) 내보내기
INSERT INTO `search_er_subcate` (`subregion`, `region`, `region_code`, `subregion_code`) VALUES
	('삼척시', '강원도', 10, 1),
	('화천군', '강원도', 10, 2),
	('고성군', '강원도', 10, 3),
	('철원군', '강원도', 10, 4),
	('횡성군', '강원도', 10, 5),
	('춘천시', '강원도', 10, 6),
	('강릉시', '강원도', 10, 7),
	('양양군', '강원도', 10, 8),
	('원주시', '강원도', 10, 9),
	('정선군', '강원도', 10, 10),
	('속초시', '강원도', 10, 11),
	('태백시', '강원도', 10, 12),
	('인제군', '강원도', 10, 13),
	('영월군', '강원도', 10, 14),
	('양구군', '강원도', 10, 15),
	('홍천군', '강원도', 10, 16),
	('평창군', '강원도', 10, 17),
	('동해시', '강원도', 10, 18),
	('여주시', '경기도', 11, 1),
	('의정부시', '경기도', 11, 2),
	('포천시', '경기도', 11, 3),
	('가평군', '경기도', 11, 4),
	('구리시', '경기도', 11, 5),
	('동안구', '경기도', 11, 6),
	('과천시', '경기도', 11, 7),
	('하남시', '경기도', 11, 8),
	('양평군', '경기도', 11, 9),
	('광주시', '경기도', 11, 10),
	('평택시', '경기도', 11, 11),
	('팔달구', '경기도', 11, 12),
	('수정구', '경기도', 11, 13),
	('일산동구', '경기도', 11, 14),
	('안성시', '경기도', 11, 15),
	('덕양구', '경기도', 11, 16),
	('단원구', '경기도', 11, 17),
	('의왕시', '경기도', 11, 18),
	('김포시', '경기도', 11, 19),
	('권선구', '경기도', 11, 20),
	('시흥시', '경기도', 11, 21),
	('이천시', '경기도', 11, 22),
	('영통구', '경기도', 11, 23),
	('광명시', '경기도', 11, 24),
	('양주시', '경기도', 11, 25),
	('군포시', '경기도', 11, 26),
	('파주시', '경기도', 11, 27),
	('기흥구', '경기도', 11, 28),
	('분당구', '경기도', 11, 29),
	('연천군', '경기도', 11, 30),
	('남양주시', '경기도', 11, 31),
	('중원구', '경기도', 11, 32),
	('화성시', '경기도', 11, 33),
	('용인시 처인구', '경기도', 11, 34),
	('처인구', '경기도', 11, 35),
	('오산시', '경기도', 11, 36),
	('부천시', '경기도', 11, 37),
	('일산서구', '경기도', 11, 38),
	('수지구', '경기도', 11, 39),
	('만안구', '경기도', 11, 40),
	('상록구', '경기도', 11, 41),
	('동두천시', '경기도', 11, 42),
	('장안구', '경기도', 11, 43),
	('여주시', '경기도', 11, 44),
	('밀양시', '경상남도', 12, 1),
	('의령군', '경상남도', 12, 2),
	('거창군', '경상남도', 12, 3),
	('합천군', '경상남도', 12, 4),
	('함안군', '경상남도', 12, 5),
	('성산구', '경상남도', 12, 6),
	('마산합포구', '경상남도', 12, 7),
	('진주시', '경상남도', 12, 8),
	('양산시', '경상남도', 12, 9),
	('고성군', '경상남도', 12, 10),
	('거제시', '경상남도', 12, 11),
	('진해구', '경상남도', 12, 12),
	('창녕군', '경상남도', 12, 13),
	('하동군', '경상남도', 12, 14),
	('남해군', '경상남도', 12, 15),
	('사천시', '경상남도', 12, 16),
	('통영시', '경상남도', 12, 17),
	('창원시 마산합포구', '경상남도', 12, 18),
	('마산회원구', '경상남도', 12, 19),
	('산청군', '경상남도', 12, 20),
	('창원시 마산회원구', '경상남도', 12, 21),
	('김해시', '경상남도', 12, 22),
	('창원시 의창구', '경상남도', 12, 23),
	('의창구', '경상남도', 12, 24),
	('함양군', '경상남도', 12, 25),
	('칠곡군', '경상북도', 13, 1),
	('문경시', '경상북도', 13, 2),
	('의성군', '경상북도', 13, 3),
	('성주군', '경상북도', 13, 4),
	('영주시', '경상북도', 13, 5),
	('청도군', '경상북도', 13, 6),
	('김천시', '경상북도', 13, 7),
	('예천군', '경상북도', 13, 8),
	('경주시', '경상북도', 13, 9),
	('영덕군', '경상북도', 13, 10),
	('안동시', '경상북도', 13, 11),
	('고령군', '경상북도', 13, 12),
	('상주시', '경상북도', 13, 13),
	('영천시', '경상북도', 13, 14),
	('군위군', '경상북도', 13, 15),
	('구미시', '경상북도', 13, 16),
	('포항시 남구', '경상북도', 13, 17),
	('남구', '경상북도', 13, 18),
	('울진군', '경상북도', 13, 19),
	('포항시 북구', '경상북도', 13, 20),
	('북구', '경상북도', 13, 21),
	('경산시', '경상북도', 13, 22),
	('봉화군', '경상북도', 13, 23),
	('청송군', '경상북도', 13, 24),
	('울릉군', '경상북도', 13, 25),
	('영양군', '경상북도', 13, 26),
	('북구', '광주광역시', 14, 1),
	('동구', '광주광역시', 14, 2),
	('광산구', '광주광역시', 14, 3),
	('서구', '광주광역시', 14, 4),
	('남구', '광주광역시', 14, 5),
	('달성군', '대구광역시', 15, 1),
	('수성구', '대구광역시', 15, 2),
	('동구', '대구광역시', 15, 3),
	('달서구', '대구광역시', 15, 4),
	('북구', '대구광역시', 15, 5),
	('중구', '대구광역시', 15, 6),
	('서구', '대구광역시', 15, 7),
	('남구', '대구광역시', 15, 8),
	('서구', '대전광역시', 16, 1),
	('동구', '대전광역시', 16, 2),
	('유성구', '대전광역시', 16, 3),
	('대덕구', '대전광역시', 16, 4),
	('중구', '대전광역시', 16, 5),
	('부산진구', '부산광역시', 17, 1),
	('남구', '부산광역시', 17, 2),
	('사상구', '부산광역시', 17, 3),
	('사하구', '부산광역시', 17, 4),
	('강서구', '부산광역시', 17, 5),
	('연제구', '부산광역시', 17, 6),
	('중구', '부산광역시', 17, 7),
	('수영구', '부산광역시', 17, 8),
	('금정구', '부산광역시', 17, 9),
	('북구', '부산광역시', 17, 10),
	('기장군', '부산광역시', 17, 11),
	('동래구', '부산광역시', 17, 12),
	('서구', '부산광역시', 17, 13),
	('영도구', '부산광역시', 17, 14),
	('해운대구', '부산광역시', 17, 15),
	('동구', '부산광역시', 17, 16),
	('송파구', '서울특별시', 18, 1),
	('구로구', '서울특별시', 18, 2),
	('금천구', '서울특별시', 18, 3),
	('강서구', '서울특별시', 18, 4),
	('종로구', '서울특별시', 18, 5),
	('은평구', '서울특별시', 18, 6),
	('강동구', '서울특별시', 18, 7),
	('강남구', '서울특별시', 18, 8),
	('마포구', '서울특별시', 18, 9),
	('노원구', '서울특별시', 18, 10),
	('광진구', '서울특별시', 18, 11),
	('중구', '서울특별시', 18, 12),
	('성동구', '서울특별시', 18, 13),
	('성북구', '서울특별시', 18, 14),
	('관악구', '서울특별시', 18, 15),
	('서대문구', '서울특별시', 18, 16),
	('용산구', '서울특별시', 18, 17),
	('서초구', '서울특별시', 18, 18),
	('동작구', '서울특별시', 18, 19),
	('동대문구', '서울특별시', 18, 20),
	('영등포구', '서울특별시', 18, 21),
	('도봉구', '서울특별시', 18, 22),
	('중랑구', '서울특별시', 18, 23),
	('양천구', '서울특별시', 18, 24),
	('강북구', '서울특별시', 18, 25),
	('세종특별자치시', '세종특별자치시', 19, 1),
	('북구', '울산광역시', 20, 1),
	('남구', '울산광역시', 20, 2),
	('중구', '울산광역시', 20, 3),
	('동구', '울산광역시', 20, 4),
	('울주군', '울산광역시', 20, 5),
	('서구', '인천광역시', 21, 1),
	('남동구', '인천광역시', 21, 2),
	('부평구', '인천광역시', 21, 3),
	('계양구', '인천광역시', 21, 4),
	('강화군', '인천광역시', 21, 5),
	('중구', '인천광역시', 21, 6),
	('미추홀구', '인천광역시', 21, 7),
	('동구', '인천광역시', 21, 8),
	('옹진군', '인천광역시', 21, 9),
	('연수구', '인천광역시', 21, 10),
	('순천시', '전라남도', 22, 1),
	('담양군', '전라남도', 22, 2),
	('구례군', '전라남도', 22, 3),
	('강진군', '전라남도', 22, 4),
	('곡성군', '전라남도', 22, 5),
	('보성군', '전라남도', 22, 6),
	('목포시', '전라남도', 22, 7),
	('나주시', '전라남도', 22, 8),
	('여수시', '전라남도', 22, 9),
	('해남군', '전라남도', 22, 10),
	('진도군', '전라남도', 22, 11),
	('완도군', '전라남도', 22, 12),
	('고흥군', '전라남도', 22, 13),
	('장흥군', '전라남도', 22, 14),
	('광양시', '전라남도', 22, 15),
	('영광군', '전라남도', 22, 16),
	('영암군', '전라남도', 22, 17),
	('함평군', '전라남도', 22, 18),
	('장성군', '전라남도', 22, 19),
	('화순군', '전라남도', 22, 20),
	('신안군', '전라남도', 22, 21),
	('무안군', '전라남도', 22, 22),
	('김제시', '전라북도', 23, 1),
	('익산시', '전라북도', 23, 2),
	('남원시', '전라북도', 23, 3),
	('정읍시', '전라북도', 23, 4),
	('임실군', '전라북도', 23, 5),
	('전주시 덕진구', '전라북도', 23, 6),
	('군산시', '전라북도', 23, 7),
	('전주시 완산구', '전라북도', 23, 8),
	('완주군', '전라북도', 23, 9),
	('장수군', '전라북도', 23, 10),
	('부안군', '전라북도', 23, 11),
	('고창군', '전라북도', 23, 12),
	('순창군', '전라북도', 23, 13),
	('진안군', '전라북도', 23, 14),
	('무주군', '전라북도', 23, 15),
	('서귀포시', '제주특별자치도', 24, 1),
	('제주시', '제주특별자치도', 24, 2),
	('논산시', '충청남도', 25, 1),
	('서산시', '충청남도', 25, 2),
	('홍성군', '충청남도', 25, 3),
	('공주시', '충청남도', 25, 4),
	('태안군', '충청남도', 25, 5),
	('당진시', '충청남도', 25, 6),
	('예산군', '충청남도', 25, 7),
	('천안시 동남구', '충청남도', 25, 8),
	('부여군', '충청남도', 25, 9),
	('금산군', '충청남도', 25, 10),
	('보령시', '충청남도', 25, 11),
	('아산시', '충청남도', 25, 12),
	('계룡시', '충청남도', 25, 13),
	('서천군', '충청남도', 25, 14),
	('청양군', '충청남도', 25, 15),
	('천안시 서북구', '충청남도', 25, 16),
	('청주시 흥덕구', '충청북도', 26, 1),
	('단양군', '충청북도', 26, 2),
	('청주시 상당구', '충청북도', 26, 3),
	('충주시', '충청북도', 26, 4),
	('음성군', '충청북도', 26, 5),
	('괴산군', '충청북도', 26, 6),
	('제천시', '충청북도', 26, 7),
	('청주시 서원구', '충청북도', 26, 8),
	('진천군', '충청북도', 26, 9),
	('옥천군', '충청북도', 26, 10),
	('청주시 청원구', '충청북도', 26, 11),
	('보은군', '충청북도', 26, 12),
	('증평군', '충청북도', 26, 13),
	('영동군', '충청북도', 26, 14);

-- 테이블 swiftER.search_illnesses 구조 내보내기
CREATE TABLE IF NOT EXISTS `search_illnesses` (
  `illness` varchar(255) NOT NULL,
  `dept1` varchar(45) NOT NULL,
  `dept2` varchar(45) DEFAULT NULL,
  `dept3` varchar(45) DEFAULT NULL,
  `dept4` varchar(45) DEFAULT NULL,
  `dept5` varchar(45) DEFAULT NULL,
  `dept6` varchar(45) DEFAULT NULL,
  `dept7` varchar(45) DEFAULT NULL,
  `dept8` varchar(45) DEFAULT NULL,
  PRIMARY KEY (`illness`)
) ENGINE=InnoDB DEFAULT CHARSET=utf8;

-- 테이블 데이터 swiftER.search_illnesses:~1,314 rows (대략적) 내보내기
INSERT INTO `search_illnesses` (`illness`, `dept1`, `dept2`, `dept3`, `dept4`, `dept5`, `dept6`, `dept7`, `dept8`) VALUES
	('18번 염색체 단완결실 증후군', '의학유전학과', '', '', '', '', '', '', ''),
	('18번 염색체 장완결실 증후군 ', '의학유전학과', '', '', '', '', '', '', ''),
	('22번 염색체 장완 미세결실 증후군', '의학유전학센터', '의학유전학과', '', '', '', '', '', ''),
	('4번 염색체 단완결실 증후군', '의학유전학센터', '의학유전학과', '', '', '', '', '', ''),
	('ARC 증후군', '의학유전학센터', '의학유전학과', '', '', '', '', '', ''),
	('Haw River 증후군', '의학유전학센터', '의학유전학과', '', '', '', '', '', ''),
	('PSA 상승', '비뇨의학과', '', '', '', '', '', '', ''),
	('Rh 부적합 임신', '산부인과', '', '', '', '', '', '', ''),
	('RS바이러스 감염증', '감염내과', '', '', '', '', '', '', ''),
	('VDT 증후군', '정형외과', '', '', '', '', '', '', ''),
	('XXX 증후군', '의학유전학센터', '의학유전학과', '', '', '', '', '', ''),
	('XYY 증후군', '의학유전학센터', '의학유전학과', '', '', '', '', '', ''),
	('가성근시', '안과', '소아안과', '', '', '', '', '', ''),
	('가스 괴저', '감염내과', '응급의학과', '정형외과', '', '', '', '', ''),
	('가습기 살균제 연관 폐질환', '호흡기내과', '', '', '', '', '', '', ''),
	('가와사키병', '어린이병원', '', '', '', '', '', '', ''),
	('가진통', '산부인과', '', '', '', '', '', '', ''),
	('각기병', '신경과', '', '', '', '', '', '', ''),
	('각막 궤양', '안과', '소아안과', '', '', '', '', '', ''),
	('각막 부종', '안과', '', '', '', '', '', '', ''),
	('각막 혼탁과 흉터', '안과', '', '', '', '', '', '', ''),
	('각막염', '안과', '', '', '', '', '', '', ''),
	('간 전이', '종양내과', '방사선종양학과', '간담도췌외과', '간이식ㆍ간담도외과', '', '', '', ''),
	('간 혈관종', '소화기내과', '성형외과', '', '', '', '', '', ''),
	('간경화', '소화기내과', '간이식ㆍ간담도외과', '', '', '', '', '', ''),
	('간내 담석', '소화기내과', '간담도췌외과', '간이식ㆍ간담도외과', '', '', '', '', ''),
	('간농양', '감염내과', '소화기내과', '간담도췌외과', '간이식ㆍ간담도외과', '', '', '', ''),
	('간디스토마', '소화기내과', '', '', '', '', '', '', ''),
	('간문부 담관암', '소화기내과', '종양내과', '방사선종양학과', '간담도췌외과', '간이식ㆍ간담도외과', '', '', ''),
	('간성 뇌증', '소화기내과', '', '', '', '', '', '', ''),
	('간세포성 암종', '소화기내과', '종양내과', '방사선종양학과', '간담도췌외과', '간이식ㆍ간담도외과', '', '', ''),
	('간신 증후군', '소화기내과', '', '', '', '', '', '', ''),
	('간염', '소화기내과', '', '', '', '', '', '', ''),
	('간의 양성 신생물', '소화기내과', '간담도췌외과', '간이식ㆍ간담도외과', '', '', '', '', ''),
	('간이식 후 상태', '소화기내과', '간이식ㆍ간담도외과', '', '', '', '', '', ''),
	('간질성 방광염', '비뇨의학과', '', '', '', '', '', '', ''),
	('간찰성 홍반', '피부과', '', '', '', '', '', '', ''),
	('갈색세포종', '내분비내과', '', '', '', '', '', '', ''),
	('감각신경성 난청', '이비인후과', '', '', '', '', '', '', ''),
	('감돈포경', '비뇨의학과', '', '', '', '', '', '', ''),
	('감염성 근육염', '감염내과', '', '', '', '', '', '', ''),
	('감염성 단핵구증', '감염내과', '혈액내과', '', '', '', '', '', ''),
	('감염성 홍반', '감염내과', '', '', '', '', '', '', ''),
	('갑상선 결절', '내분비내과', '이비인후과', '핵의학과', '', '', '', '', ''),
	('갑상선 미분화암', '내분비내과', '이비인후과', '내분비외과', '', '', '', '', ''),
	('갑상선 수질암', '내분비내과', '이비인후과', '내분비외과', '', '', '', '', ''),
	('갑상선 여포암', '내분비내과', '이비인후과', '내분비외과', '', '', '', '', ''),
	('갑상선 유두암', '내분비내과', '이비인후과', '내분비외과', '', '', '', '', ''),
	('갑상선기능저하증', '내분비내과', '', '', '', '', '', '', ''),
	('갑상선기능항진증', '가정의학과', '내분비내과', '내분비외과', '', '', '', '', ''),
	('갑상선암', '내분비내과', '이비인후과', '', '', '', '', '', ''),
	('갑상선염', '내분비내과', '이비인후과', '내분비외과', '', '', '', '', ''),
	('갑상선중독증', '내분비내과', '내분비외과', '', '', '', '', '', ''),
	('갑상설관 낭종', '이비인후과', '', '', '', '', '', '', ''),
	('강박 장애', '정신건강의학과', '', '', '', '', '', '', ''),
	('강직성 척추염', '재활의학과', '류마티스내과', '', '', '', '', '', ''),
	('객혈', '호흡기내과', '', '', '', '', '', '', ''),
	('거대세포 바이러스 질환', '감염내과', '소아감염과', '', '', '', '', '', ''),
	('거북목 증후군', '정형외과', '', '', '', '', '', '', ''),
	('거스트만 증후군', '신경과', '신경외과', '재활의학과', '', '', '', '', ''),
	('건 손상', '정형외과', '', '', '', '', '', '', ''),
	('건강염려증', '정신건강의학과', '', '', '', '', '', '', ''),
	('건선', '피부과', '', '', '', '', '', '', ''),
	('건초염', '정형외과', '', '', '', '', '', '', ''),
	('게실 질환', '소화기내과', '대장항문외과', '', '', '', '', '', ''),
	('결막염', '안과', '소아안과', '', '', '', '', '', ''),
	('결절성 경화증 ', '의학유전학센터', '의학유전학과', '', '', '', '', '', ''),
	('결절성 다발동맥염', '혈관외과', '심장병원', '류마티스내과', '', '', '', '', ''),
	('결절종', '성형외과', '정형외과', '', '', '', '', '', ''),
	('결핵', '감염내과', '호흡기내과', '', '', '', '', '', ''),
	('결핵성 골수염', '감염내과', '', '', '', '', '', '', ''),
	('결핵성 복막염', '감염내과', '', '', '', '', '', '', ''),
	('결핵성 수막염', '감염내과', '신경과', '', '', '', '', '', ''),
	('결핵성 임파선염', '감염내과', '', '', '', '', '', '', ''),
	('경계성 인격장애', '정신건강의학과', '', '', '', '', '', '', ''),
	('경골과 비골 골절', '정형외과', '', '', '', '', '', '', ''),
	('경동맥 협착증', '혈관외과', '심장외과', '', '', '', '', '', ''),
	('경미한 인지장애', '신경과', '', '', '', '', '', '', ''),
	('경부 림프절염', '감염내과', '이비인후과', '', '', '', '', '', ''),
	('경추 추간판 탈출증', '신경외과', '정형외과', '', '', '', '', '', ''),
	('경화성 담관염', '소화기내과', '', '', '', '', '', '', ''),
	('계류 유산', '산부인과', '', '', '', '', '', '', ''),
	('고관절 이형성증', '정형외과', '소아정형외과', '', '', '', '', '', ''),
	('고나트륨혈증', '신장내과', '응급의학과', '', '', '', '', '', ''),
	('고마그네슘혈증', '신장내과', '응급의학과', '', '', '', '', '', ''),
	('고막염', '이비인후과', '', '', '', '', '', '', ''),
	('고산병', '가정의학과', '응급의학과', '', '', '', '', '', ''),
	('고칼륨혈증', '신장내과', '응급의학과', '소아신장과', '', '', '', '', ''),
	('고칼슘혈증', '내분비내과', '응급의학과', '', '', '', '', '', ''),
	('고혈압 ', '가정의학과', '심장내과', '', '', '', '', '', ''),
	('고환 여성화 증후군', '어린이병원', '', '', '', '', '', '', ''),
	('고환 종양', '종양내과', '방사선종양학과', '비뇨의학과', '', '', '', '', ''),
	('고환염', '비뇨의학과', '', '', '', '', '', '', ''),
	('고환의 염전', '비뇨의학과', '', '', '', '', '', '', ''),
	('골감소증', '가정의학과', '내분비내과', '', '', '', '', '', ''),
	('골관절염', '정형외과', '류마티스내과', '', '', '', '', '', ''),
	('골괴사', '정형외과', '', '', '', '', '', '', ''),
	('골다공증', '가정의학과', '내분비내과', '노년내과', '정형외과', '', '', '', ''),
	('골반 염증성 질환', '산부인과', '', '', '', '', '', '', ''),
	('골수염', '감염내과', '', '', '', '', '', '', ''),
	('골수증식종양', '혈액내과', '소아청소년종양혈액과', '', '', '', '', '', ''),
	('골육종', '종양내과', '방사선종양학과', '소아청소년종양혈액과', '정형외과', '', '', '', ''),
	('골절 후 부정 유합', ' 불유합', '정형외과', '', '', '', '', '', ''),
	('곰팡이 감염', '피부과', '', '', '', '', '', '', ''),
	('공기가슴증', '호흡기내과', '심장혈관흉부외과', '', '', '', '', '', ''),
	('공황 장애', '정신건강의학과', '', '', '', '', '', '', ''),
	('과다월경', '산부인과', '', '', '', '', '', '', ''),
	('과립막 세포종', '산부인과', '', '', '', '', '', '', ''),
	('과숙아', ' 만기 후 출산아', '신생아과', '어린이병원', '', '', '', '', ''),
	('과오종', '종양내과', '', '', '', '', '', '', ''),
	('과호흡 증후군', '호흡기내과', '응급의학과', '정신건강의학과', '', '', '', '', ''),
	('관절염', '재활의학과', '정형외과', '류마티스내과', '알레르기내과', '', '', '', ''),
	('관절와순 파열', '정형외과', '', '', '', '', '', '', ''),
	('광견병', '감염내과', '', '', '', '', '', '', ''),
	('광선 각화증', '피부과', '', '', '', '', '', '', ''),
	('광우병', '감염내과', '신경과', '신경외과', '', '', '', '', ''),
	('광장공포증', '정신건강의학과', '', '', '', '', '', '', ''),
	('괴혈병', '가정의학과', '', '', '', '', '', '', ''),
	('교모세포종', '종양내과', '방사선종양학과', '소아청소년종양혈액과', '신경외과', '소아신경외과', '', '', ''),
	('구강암', '종양내과', '방사선종양학과', '이비인후과', '치과', '구강악안면외과', '', '', ''),
	('구개열', '성형외과', '', '', '', '', '', '', ''),
	('구루병', '정형외과', '소아정형외과', '', '', '', '', '', ''),
	('구순열', '성형외과', '', '', '', '', '', '', ''),
	('구순염', '피부과', '', '', '', '', '', '', ''),
	('구순포진', '감염내과', '피부과', '', '', '', '', '', ''),
	('구획 증후군', '정형외과', '', '', '', '', '', '', ''),
	('국소 다한증', '심장혈관흉부외과', '', '', '', '', '', '', ''),
	('군발성 두통 증후군', '신경과', '', '', '', '', '', '', ''),
	('궤양성 대장염', '소화기내과', '', '', '', '', '', '', ''),
	('귀두포피염', '비뇨의학과', '소아비뇨의학과', '', '', '', '', '', ''),
	('규폐증', '호흡기내과', '', '', '', '', '', '', ''),
	('근감소증', '노년내과', '', '', '', '', '', '', ''),
	('근근막 통증 증후군', '재활의학과', '', '', '', '', '', '', ''),
	('근단 주위 농양', '치과', '', '', '', '', '', '', ''),
	('근시', '안과', '소아안과', '', '', '', '', '', ''),
	('근위축성 측색 경화증', '신경과', '', '', '', '', '', '', ''),
	('근육 긴장성 두통', '신경과', '', '', '', '', '', '', ''),
	('근육긴장이상증', '신경과', '', '', '', '', '', '', ''),
	('근육병', '소아재활의학과', '', '', '', '', '', '', ''),
	('금단 현상', '정신건강의학과', '', '', '', '', '', '', ''),
	('급성 A형 간염', '소화기내과', '', '', '', '', '', '', ''),
	('급성 B형 간염', '소화기내과', '간이식ㆍ간담도외과', '', '', '', '', '', ''),
	('급성 C형 간염', '소화기내과', '간이식ㆍ간담도외과', '소아소화기영양과', '', '', '', '', ''),
	('급성 간질성 신염', '신장내과', '', '', '', '', '', '', ''),
	('급성 관동맥 증후군', '심장내과', '심장혈관흉부외과', '', '', '', '', '', ''),
	('급성 기관지염', '호흡기내과', '이비인후과', '소아중환자과', '소아천식아토피센터', '', '', '', ''),
	('급성 담낭염', '소화기내과', '간담도췌외과', '간이식ㆍ간담도외과', '', '', '', '', ''),
	('급성 류마티스성 열', '응급의학과', '어린이병원', '', '', '', '', '', ''),
	('급성 바이러스성 간염', '소화기내과', '간담도췌외과', '간이식ㆍ간담도외과', '', '', '', '', ''),
	('급성 방광염', '비뇨의학과', '', '', '', '', '', '', ''),
	('급성 신부전', '신장내과', '신ㆍ췌장이식외과', '', '', '', '', '', ''),
	('급성 신우신염', '감염내과', '신장내과', '소아신장과', '', '', '', '', ''),
	('급성 심근경색증', '심장내과', '심장병원', '', '', '', '', '', ''),
	('급성 위장염', '가정의학과', '소화기내과', '노년내과', '소아외과', '소아내분비대사과', '소아신장과', '소아소화기영양과', '소아천식아토피센터'),
	('급성 중이염', '이비인후과', '', '', '', '', '', '', ''),
	('급성 질염', '산부인과', '', '', '', '', '', '', ''),
	('급성 충수염', '소아외과', '대장항문외과', '', '', '', '', '', ''),
	('급성 췌장염', '소화기내과', '간담도췌외과', '', '', '', '', '', ''),
	('급성골수성백혈병', '혈액내과', '소아청소년종양혈액과', '', '', '', '', '', ''),
	('급성림프모구백혈병', '혈액내과', '방사선종양학과', '소아청소년종양혈액과', '', '', '', '', ''),
	('기관 협착', '호흡기내과', '이비인후과', '소아천식아토피센터', '', '', '', '', ''),
	('기관지폐 형성이상', '신생아과', '소아천식아토피센터', '', '', '', '', '', ''),
	('기관지확장증', '호흡기내과', '', '', '', '', '', '', ''),
	('기뇌증', '응급의학과', '', '', '', '', '', '', ''),
	('기능성 위장 장애', '소화기내과', '', '', '', '', '', '', ''),
	('기면증', '신경과', '', '', '', '', '', '', ''),
	('기미', '피부과', '', '', '', '', '', '', ''),
	('기분부전증', '정신건강의학과', '소아정신건강의학과', '', '', '', '', '', ''),
	('기억상실증', '신경과', '', '', '', '', '', '', ''),
	('기저귀 피부염', '피부과', '', '', '', '', '', '', ''),
	('기저세포 암종', '성형외과', '피부과', '피부암센터', '', '', '', '', ''),
	('기쿠치병', '감염내과', '이비인후과', '류마티스내과', '', '', '', '', ''),
	('기형종', '어린이병원', '', '', '', '', '', '', ''),
	('길랑-바레 증후군', '신경과', '', '', '', '', '', '', ''),
	('꽃가루 알레르기', '알레르기내과', '', '', '', '', '', '', ''),
	('난관수종', '산부인과', '', '', '', '', '', '', ''),
	('난독증', '정신건강의학과', '', '', '', '', '', '', ''),
	('난산', '산부인과', '', '', '', '', '', '', ''),
	('난소', ' 난관 이상', '산부인과', '', '', '', '', '', ''),
	('난소 낭종', '산부인과', '', '', '', '', '', '', ''),
	('난소난관염', '산부인과', '', '', '', '', '', '', ''),
	('난소암', '종양내과', '산부인과', '', '', '', '', '', ''),
	('난소의 양성 종양', '산부인과', '', '', '', '', '', '', ''),
	('난시', '안과', '', '', '', '', '', '', ''),
	('난원공 개존증', '소아청소년심장과', '', '', '', '', '', '', ''),
	('난청', '이비인후과', '', '', '', '', '', '', ''),
	('남성 불임', '비뇨의학과', '', '', '', '', '', '', ''),
	('납 중독', '가정의학과', '', '', '', '', '', '', ''),
	('낭성 신장 질환', '신장내과', '비뇨의학과', '소아신장과', '소아비뇨의학과', '', '', '', ''),
	('낭종성 폐질환', '호흡기내과', '', '', '', '', '', '', ''),
	('낭포성 히그로마', '성형외과', '소아외과', '어린이병원', '', '', '', '', ''),
	('내반슬', '소아정형외과', '', '', '', '', '', '', ''),
	('내상과염', '정형외과', '', '', '', '', '', '', ''),
	('내연골종', '정형외과', '소아정형외과', '', '', '', '', '', ''),
	('내향성 손발톱', '성형외과', '피부과', '', '', '', '', '', ''),
	('냉방병', '가정의학과', '', '', '', '', '', '', ''),
	('넬슨 증후군', '내분비내과', '소아내분비대사과', '', '', '', '', '', ''),
	('노로바이러스 장염', '소화기내과', '소아소화기영양과', '', '', '', '', '', ''),
	('노안', '안과', '소아안과', '', '', '', '', '', ''),
	('노인성 난청', '이비인후과', '', '', '', '', '', '', ''),
	('노인성 질염 vag', '산부인과', '', '', '', '', '', '', ''),
	('노인성 척추후만증', '신경외과', '정형외과', '', '', '', '', '', ''),
	('노카르디아증', '감염내과', '소아감염과', '', '', '', '', '', ''),
	('노화', '노년내과', '', '', '', '', '', '', ''),
	('노화된 얼굴', '성형외과', '', '', '', '', '', '', ''),
	('녹내장', '안과', '', '', '', '', '', '', ''),
	('농가진', '성형외과', '피부과', '', '', '', '', '', ''),
	('농흉', '호흡기내과', '', '', '', '', '', '', ''),
	('뇌 동정맥 기형', '신경외과', '소아신경외과', '', '', '', '', '', ''),
	('뇌경색', '신경과', '신경외과', '재활의학과', '정신건강의학과', '소아신경과', '', '', ''),
	('뇌농양', '감염내과', '신경외과', '', '', '', '', '', ''),
	('뇌동맥 폐쇄', '신경과', '신경외과', '', '', '', '', '', ''),
	('뇌동맥류', '영상의학과', '신경외과', '신경중재클리닉', '', '', '', '', ''),
	('뇌사', '신경과', '신경외과', '', '', '', '', '', ''),
	('뇌성 마비', '소아신경과', '소아재활의학과', '소아정형외과', '', '', '', '', ''),
	('뇌염', '신경과', '소아신경과', '', '', '', '', '', ''),
	('뇌전증', '신경과', '신경외과', '', '', '', '', '', ''),
	('뇌졸중', '신경과', '신경외과', '소아신경과', '소아신경외과', '', '', '', ''),
	('뇌종양', '종양내과', '방사선종양학과', '소아청소년종양혈액과', '신경과', '신경외과', '소아내분비대사과', '소아신경과', '암병원'),
	('뇌출혈', '신경과', '신경외과', '재활의학과', '', '', '', '', ''),
	('뇌하수체 기능 항진', '내분비내과', '', '', '', '', '', '', ''),
	('뇌하수체 기능부전', '내분비내과', '소아내분비대사과', '', '', '', '', '', ''),
	('뇌하수체 양성 및 악성 신생물', '내분비내과', '방사선종양학과', '신경외과', '소아신경외과', '', '', '', ''),
	('누난 증후군 ', '소아내분비대사과', '', '', '', '', '', '', ''),
	('눈꺼풀 장애', '성형외과', '안과', '', '', '', '', '', ''),
	('눈물흘림증', '안과', '', '', '', '', '', '', ''),
	('늑막염', '호흡기내과', '', '', '', '', '', '', ''),
	('니만-피크병', '의학유전학센터', '의학유전학과', '', '', '', '', '', ''),
	('다낭성 난소 증후군', '산부인과', '', '', '', '', '', '', ''),
	('다모증', '피부과', '', '', '', '', '', '', ''),
	('다발골수종', '종양내과', '혈액내과', '방사선종양학과', '', '', '', '', ''),
	('다발성 경화증', '신경과', '', '', '', '', '', '', ''),
	('다발성 신경병증', '신경과', '', '', '', '', '', '', ''),
	('다운 증후군 ', '소아청소년심장과', '소아내분비대사과', '소아재활의학과', '', '', '', '', ''),
	('다태아', '산부인과', '', '', '', '', '', '', ''),
	('단독', '가정의학과', '피부과', '', '', '', '', '', ''),
	('단세포군감마글로불린병증', '종양내과', '혈액내과', '', '', '', '', '', ''),
	('단순 포진', '피부과', '', '', '', '', '', '', ''),
	('단순 포진성 뇌염', '감염내과', '신경과', '', '', '', '', '', ''),
	('단심실', '소아청소년심장과', '신생아과', '소아심장외과', '선천성심장병센터', '', '', '', ''),
	('단일 제대 동맥', '산부인과', '', '', '', '', '', '', ''),
	('단장 증후군', '소화기내과', '', '', '', '', '', '', ''),
	('담관암', '소화기내과', '종양내과', '방사선종양학과', '간담도췌외과', '간이식ㆍ간담도외과', '', '', ''),
	('담낭 선근종증', '소화기내과', '간담도췌외과', '간이식ㆍ간담도외과', '', '', '', '', ''),
	('담낭 용종', '소화기내과', '간담도췌외과', '간이식ㆍ간담도외과', '', '', '', '', ''),
	('담낭암', '소화기내과', '종양내과', '방사선종양학과', '간담도췌외과', '간이식ㆍ간담도외과', '', '', ''),
	('담석', '소화기내과', '간담도췌외과', '간이식ㆍ간담도외과', '', '', '', '', ''),
	('당뇨망막병증', '안과', '', '', '', '', '', '', ''),
	('당뇨병', '가정의학과', '내분비내과', '노년내과', '신ㆍ췌장이식외과', '', '', '', ''),
	('당뇨병성 말초신경병증', '내분비내과', '', '', '', '', '', '', ''),
	('당뇨병성 족부 질환', '내분비내과', '성형외과', '혈관외과', '정형외과', '', '', '', ''),
	('당뇨병성 케톤산증 ', '내분비내과', '', '', '', '', '', '', ''),
	('대뇌성 거인증 ', '의학유전학센터', '의학유전학과', '', '', '', '', '', ''),
	('대동맥 박리', '심장내과', '심장병원', '', '', '', '', '', ''),
	('대동맥 협착', '소아청소년심장과', '소아심장외과', '선천성심장병센터', '', '', '', '', ''),
	('대동맥 협착증', '심장내과', '심장병원', '', '', '', '', '', ''),
	('대동맥궁 단절', '소아청소년심장과', '소아심장외과', '선천성심장병센터', '', '', '', '', ''),
	('대동맥류', '심장내과', '심장병원', '', '', '', '', '', ''),
	('대동맥판막 기능부전 ', '심장내과', '심장병원', '', '', '', '', '', ''),
	('대동맥판막 협착 ', '심장내과', '심장병원', '', '', '', '', '', ''),
	('대사 증후군', '가정의학과', '', '', '', '', '', '', ''),
	('대사성 산증', '소아신장과', '', '', '', '', '', '', ''),
	('대사성 알칼리증', '신장내과', '', '', '', '', '', '', ''),
	('대상포진', '피부과', '', '', '', '', '', '', ''),
	('대상포진 후 신경통', '마취통증의학과', '신경과', '신경외과', '피부과', '', '', '', ''),
	('대장 용종', '소화기내과', '', '', '', '', '', '', ''),
	('대장균 감염 ', '감염내과', '', '', '', '', '', '', ''),
	('대장암', '소화기내과', '종양내과', '방사선종양학과', '대장항문외과', '', '', '', ''),
	('대장염', '소화기내과', '', '', '', '', '', '', ''),
	('대장의 양성 종양', '소화기내과', '대장항문외과', '', '', '', '', '', ''),
	('대퇴 골절', '정형외과', '', '', '', '', '', '', ''),
	('대퇴골두 무혈관성 괴사', '정형외과', '', '', '', '', '', '', ''),
	('대혈관 전위', '소아청소년심장과', '신생아과', '소아심장외과', '선천성심장병센터', '', '', '', ''),
	('댄디워커 증후군', '의학유전학센터', '소아신경과', '', '', '', '', '', ''),
	('덤핑 증후군', '소화기내과', '', '', '', '', '', '', ''),
	('뎅기열', '감염내과', '', '', '', '', '', '', ''),
	('독성 간염', '소화기내과', '', '', '', '', '', '', ''),
	('독성 쇼크 증후군', '응급의학과', '', '', '', '', '', '', ''),
	('돌발성 발진', '소아내분비대사과', '소아소화기영양과', '소아감염과', '', '', '', '', ''),
	('돌출귀', '성형외과', '', '', '', '', '', '', ''),
	('동결견', '정형외과', '소아정형외과', '', '', '', '', '', ''),
	('동맥간증', '소아청소년심장과', '소아심장외과', '선천성심장병센터', '', '', '', '', ''),
	('동맥관 개존증', '심장내과', '소아청소년심장과', '소아심장외과', '선천성심장병센터', '', '', '', ''),
	('동맥류', '심장내과', '심장혈관흉부외과', '', '', '', '', '', ''),
	('동맥색전증 및 혈전증', '심장내과', '혈관외과', '', '', '', '', '', ''),
	('동상', '가정의학과', '성형외과', '응급의학과', '', '', '', '', ''),
	('동전모양 습진', '피부과', '', '', '', '', '', '', ''),
	('동정맥루 기능부전', '혈관외과', '', '', '', '', '', '', ''),
	('두개 안면 부조화', '성형외과', '치과', '', '', '', '', '', ''),
	('두개 유합증', '성형외과', '소아신경외과', '', '', '', '', '', ''),
	('두개골 골절', '성형외과', '신경외과', '정형외과', '', '', '', '', ''),
	('두드러기', '피부과', '알레르기내과', '소아천식아토피센터', '', '', '', '', ''),
	('두부 백선', '피부과', '', '', '', '', '', '', ''),
	('두통', '노년내과', '신경과', '신경외과', '소아신경과', '', '', '', ''),
	('듀시엔형 근이영양증 ', '소아청소년심장과', '의학유전학센터', '소아내분비대사과', '소아신경과', '의학유전학과', '', '', ''),
	('듀피트렌 구축', '성형외과', '정형외과', '', '', '', '', '', ''),
	('디프테리아', '감염내과', '', '', '', '', '', '', ''),
	('딸기코', '피부과', '', '', '', '', '', '', ''),
	('땀띠', '피부과', '', '', '', '', '', '', ''),
	('떨림', ' 진전', '신경과', '', '', '', '', '', ''),
	('뚜렛 증후군', '정신건강의학과', '소아정신건강의학과', '', '', '', '', '', ''),
	('라싸열', '감염내과', '어린이병원', '', '', '', '', '', ''),
	('라이 증후군', '어린이병원', '', '', '', '', '', '', ''),
	('라임병', '감염내과', '피부과', '', '', '', '', '', ''),
	('랑거한스세포 조직구증식증', '소아청소년종양혈액과', '정형외과', '', '', '', '', '', ''),
	('러셀 실버 증후군 ', '의학유전학센터', '소아내분비대사과', '의학유전학과', '', '', '', '', ''),
	('레이노병', '류마티스내과', '', '', '', '', '', '', ''),
	('레지오넬라증', '감염내과', '', '', '', '', '', '', ''),
	('레트 증후군 ', '의학유전학센터', '의학유전학과', '소아정신건강의학과', '', '', '', '', ''),
	('렙토스피라증', '감염내과', '', '', '', '', '', '', ''),
	('로하드 증후군', '의학유전학센터', '소아내분비대사과', '', '', '', '', '', ''),
	('루드비히 안자이나 ', '이비인후과', '', '', '', '', '', '', ''),
	('루빈스타인 테이비 증후군 ', '의학유전학센터', '소아내분비대사과', '의학유전학과', '', '', '', '', ''),
	('류마티스 관절염', '류마티스내과', '', '', '', '', '', '', ''),
	('리스테리아', '감염내과', '', '', '', '', '', '', ''),
	('린치 증후군', '종양내과', '방사선종양학과', '', '', '', '', '', ''),
	('림프관종', '성형외과', '소아외과', '', '', '', '', '', ''),
	('림프부종', '산부인과', '성형외과', '혈관외과', '재활의학과', '', '', '', ''),
	('림프종', '종양내과', '혈액내과', '방사선종양학과', '소아청소년종양혈액과', '', '', '', ''),
	('마버그열', '감염내과', '', '', '', '', '', '', ''),
	('만기 정상 분만', '산부인과', '', '', '', '', '', '', ''),
	('만성 B형 간염', '소화기내과', '간이식ㆍ간담도외과', '소아소화기영양과', '', '', '', '', ''),
	('만성 C형 간염', '소화기내과', '', '', '', '', '', '', ''),
	('만성 기관지염', '호흡기내과', '알레르기내과', '', '', '', '', '', ''),
	('만성 기침', '호흡기내과', '알레르기내과', '소아천식아토피센터', '', '', '', '', ''),
	('만성 단순 태선', '피부과', '', '', '', '', '', '', ''),
	('만성 담낭염', '소화기내과', '간담도췌외과', '간이식ㆍ간담도외과', '', '', '', '', ''),
	('만성 두드러기', '피부과', '알레르기내과', '', '', '', '', '', ''),
	('만성 부비동염', '이비인후과', '알레르기내과', '', '', '', '', '', ''),
	('만성 비염', '호흡기내과', '이비인후과', '알레르기내과', '', '', '', '', ''),
	('만성 신부전', '신장내과', '소아청소년심장과', '신ㆍ췌장이식외과', '', '', '', '', ''),
	('만성 위염', '소화기내과', '', '', '', '', '', '', ''),
	('만성 전립선염', '비뇨의학과', '', '', '', '', '', '', ''),
	('만성 중이염', '이비인후과', '', '', '', '', '', '', ''),
	('만성 췌장염', '소화기내과', '간담도췌외과', '', '', '', '', '', ''),
	('만성 치주염', '치과', '', '', '', '', '', '', ''),
	('만성 폐쇄성 폐질환', '호흡기내과', '알레르기내과', '', '', '', '', '', ''),
	('만성 폐질환', '호흡기내과', '알레르기내과', '', '', '', '', '', ''),
	('만성 피로 증후군', '가정의학과', '노년내과', '', '', '', '', '', ''),
	('만성골수백혈병', '혈액내과', '소아청소년종양혈액과', '', '', '', '', '', ''),
	('만성림프구백혈병', '혈액내과', '소아청소년종양혈액과', '', '', '', '', '', ''),
	('말기 신질환', '신장내과', '소아신장과', '신ㆍ췌장이식외과', '', '', '', '', ''),
	('말단비대증', '내분비내과', '신경외과', '', '', '', '', '', ''),
	('말더듬이', '정신건강의학과', '어린이병원', '소아정신건강의학과', '', '', '', '', ''),
	('말라리아', '감염내과', '', '', '', '', '', '', ''),
	('말로리-바이스 증후군', '소화기내과', '', '', '', '', '', '', ''),
	('망막 박리', '안과', '', '', '', '', '', '', ''),
	('망막 열공', '안과', '', '', '', '', '', '', ''),
	('망막 전막', '안과', '', '', '', '', '', '', ''),
	('망막 정맥 폐쇄', '안과', '', '', '', '', '', '', ''),
	('망막 출혈', '안과', '', '', '', '', '', '', ''),
	('망막색소변성증', '안과', '', '', '', '', '', '', ''),
	('망막아세포종', '소아청소년종양혈액과', '안과', '', '', '', '', '', ''),
	('망상 장애', '정신건강의학과', '', '', '', '', '', '', ''),
	('망치족지', '정형외과', '', '', '', '', '', '', ''),
	('매독', '감염내과', '비뇨의학과', '피부과', '', '', '', '', ''),
	('매몰귀', '성형외과', '', '', '', '', '', '', ''),
	('매복 사랑니', '치과', '', '', '', '', '', '', ''),
	('맥락막 흑색종', '종양내과', '방사선종양학과', '안과', '', '', '', '', ''),
	('맥립종', '안과', '소아안과', '', '', '', '', '', ''),
	('맹장염', '대장항문외과', '', '', '', '', '', '', ''),
	('메니에르병', '이비인후과', '', '', '', '', '', '', ''),
	('메리오이드증', '감염내과', '', '', '', '', '', '', ''),
	('메켈 게실', '소화기내과', '', '', '', '', '', '', ''),
	('면역결핍증', '소아청소년종양혈액과', '소아천식아토피센터', '', '', '', '', '', ''),
	('면역글로불린 A 신병증', '신장내과', '소아신장과', '', '', '', '', '', ''),
	('면역혈소판감소증', '혈액내과', '소아청소년종양혈액과', '', '', '', '', '', ''),
	('모공성 각화증', '피부과', '', '', '', '', '', '', ''),
	('모낭염', '피부과', '', '', '', '', '', '', ''),
	('모반', '성형외과', '피부과', '', '', '', '', '', ''),
	('모세혈관 확장성 운동실조 증후군 ', '의학유전학센터', '의학유전학과', '', '', '', '', '', ''),
	('모야모야병', '신경과', '신경외과', '소아신경과', '소아신경외과', '', '', '', ''),
	('모호한 생식기', '소아내분비대사과', '소아비뇨의학과', '', '', '', '', '', ''),
	('묘성 증후군', '의학유전학센터', '의학유전학과', '', '', '', '', '', ''),
	('무른 궤양', '비뇨의학과', '산부인과', '', '', '', '', '', ''),
	('무릎관절증', '정형외과', '', '', '', '', '', '', ''),
	('무모증', '피부과', '', '', '', '', '', '', ''),
	('무월경', '내분비내과', '산부인과', '', '', '', '', '', ''),
	('무정자증', '비뇨의학과', '산부인과', '', '', '', '', '', ''),
	('무좀', '피부과', '', '', '', '', '', '', ''),
	('무증상 세균뇨', '감염내과', '비뇨의학과', '', '', '', '', '', ''),
	('무지외반증', '정형외과', '', '', '', '', '', '', ''),
	('무지중수지관절측부인대손상', '성형외과', '정형외과', '', '', '', '', '', ''),
	('무치아증', '치과', '', '', '', '', '', '', ''),
	('문맥색전증', '소화기내과', '혈관외과', '소아소화기영양과', '', '', '', '', ''),
	('뮌하우젠 증후군', '정신건강의학과', '', '', '', '', '', '', ''),
	('미로염', '이비인후과', '', '', '', '', '', '', ''),
	('미만성 간질성 폐질환', '호흡기내과', '', '', '', '', '', '', ''),
	('미세변화 신증후군', '신장내과', '소아신장과', '', '', '', '', '', ''),
	('미세혈관병용혈빈혈', '혈액내과', '', '', '', '', '', '', ''),
	('미숙아 망막병증', '신생아과', '안과', '소아안과', '', '', '', '', ''),
	('바렛 식도', '소화기내과', '', '', '', '', '', '', ''),
	('바르덴부르크 증후군', '의학유전학센터', '의학유전학과', '', '', '', '', '', ''),
	('바르톨린샘의 고름집', '산부인과', '', '', '', '', '', '', ''),
	('바이러스성 뇌수막염', '감염내과', '신경과', '소아신경과', '소아감염과', '', '', '', ''),
	('바이러스성 장염', '가정의학과', '소화기내과', '노년내과', '신생아과', '소아신장과', '소아소화기영양과', '소아중환자과', '소아천식아토피센터'),
	('바터 팽대부 암', '소화기내과', '종양내과', '방사선종양학과', '간담도췌외과', '간이식ㆍ간담도외과', '', '', ''),
	('박테리아성 뇌수막염', '감염내과', '신경과', '', '', '', '', '', ''),
	('반달연골 이상', '정형외과', '', '', '', '', '', '', ''),
	('반사회성 인격장애', '정신건강의학과', '', '', '', '', '', '', ''),
	('반월판 연골손상', '정형외과', '', '', '', '', '', '', ''),
	('반응성 애착장애', '정신건강의학과', '소아정신건강의학과', '', '', '', '', '', ''),
	('반코마이신 내성 장알균 감염증', '감염내과', '', '', '', '', '', '', ''),
	('반코마이신 내성 황색포도알균 감염증', '감염내과', '', '', '', '', '', '', ''),
	('반티 증후군', '소화기내과', '', '', '', '', '', '', ''),
	('반흔 탈장', '소아외과', '위장관외과', '', '', '', '', '', ''),
	('발달 장애', '의학유전학센터', '소아신경과', '의학유전학과', '소아재활의학과', '', '', '', ''),
	('발모벽', '정신건강의학과', '피부과', '소아정신건강의학과', '', '', '', '', ''),
	('발살바동 동맥류 파열', '심장혈관흉부외과', '', '', '', '', '', '', ''),
	('발육부전성 좌심 증후군', '소아청소년심장과', '소아심장외과', '선천성심장병센터', '', '', '', '', ''),
	('발육성 치성 낭종', '치과', '', '', '', '', '', '', ''),
	('발작', '신경과', '', '', '', '', '', '', ''),
	('발작성야간혈색뇨', '혈액내과', '', '', '', '', '', '', ''),
	('발진열', '감염내과', '', '', '', '', '', '', ''),
	('발진티푸스', '감염내과', '', '', '', '', '', '', ''),
	('방광소장 누공', '비뇨의학과', '', '', '', '', '', '', ''),
	('방광암', '종양내과', '방사선종양학과', '비뇨의학과', '', '', '', '', ''),
	('방광요관 역류', '비뇨의학과', '소아신장과', '소아비뇨의학과', '', '', '', '', ''),
	('방광의 신경근육 기능 장애', '비뇨의학과', '', '', '', '', '', '', ''),
	('방광질 누공', '비뇨의학과', '', '', '', '', '', '', ''),
	('방광탈', '비뇨의학과', '산부인과', '', '', '', '', '', ''),
	('방선균증', '감염내과', '', '', '', '', '', '', ''),
	('방실 중격 결손', '소아청소년심장과', '선천성심장병센터', '', '', '', '', '', ''),
	('방아쇠 수지', '성형외과', '정형외과', '', '', '', '', '', ''),
	('배꼽염', '신생아과', '어린이병원', '', '', '', '', '', ''),
	('배뇨통', '비뇨의학과', '', '', '', '', '', '', ''),
	('배란통', '산부인과', '', '', '', '', '', '', ''),
	('백내장', '안과', '', '', '', '', '', '', ''),
	('백반증', '피부과', '', '', '', '', '', '', ''),
	('백일해', '감염내과', '호흡기내과', '', '', '', '', '', ''),
	('백혈병', '혈액내과', '방사선종양학과', '소아청소년종양혈액과', '', '', '', '', ''),
	('버드 키아리 신드롬', '소화기내과', '', '', '', '', '', '', ''),
	('버킷 림프종', '종양내과', '혈액내과', '소아청소년종양혈액과', '소아외과', '', '', '', ''),
	('벌에 쏘였을 때', '응급의학과', '', '', '', '', '', '', ''),
	('베게너 육아종증', '류마티스내과', '', '', '', '', '', '', ''),
	('베르니케 코시코프 증후군', '신경과', '정신건강의학과', '', '', '', '', '', ''),
	('베스트 난황형 황반부 이영양증 ', '의학유전학센터', '의학유전학과', '', '', '', '', '', ''),
	('베이커 낭종', '정형외과', '', '', '', '', '', '', ''),
	('베체트 병', '소화기내과', '류마티스내과', '', '', '', '', '', ''),
	('베커형 근이영양증', '의학유전학센터', '의학유전학과', '', '', '', '', '', ''),
	('베크위트-위드만 증후군', '의학유전학센터', '소아내분비대사과', '의학유전학과', '', '', '', '', ''),
	('변비', '소화기내과', '노년내과', '소아소화기영양과', '', '', '', '', ''),
	('변실금', '소화기내과', '대장항문외과', '', '', '', '', '', ''),
	('변형성 고관절증', '정형외과', '', '', '', '', '', '', ''),
	('병리적 골절', '정형외과', '', '', '', '', '', '', ''),
	('병원 감염성 폐렴', '호흡기내과', '', '', '', '', '', '', ''),
	('병적 도벽', '정신건강의학과', '', '', '', '', '', '', ''),
	('병적 방화', '정신건강의학과', '', '', '', '', '', '', ''),
	('보툴리눔독소증', '감염내과', '', '', '', '', '', '', ''),
	('보행 운동 장애', '신경과', '재활의학과', '', '', '', '', '', ''),
	('복막염', '소화기내과', '', '', '', '', '', '', ''),
	('복부 대동맥류', '혈관외과', '심장혈관흉부외과', '', '', '', '', '', ''),
	('복수', '소화기내과', '', '', '', '', '', '', ''),
	('복시', '안과', '소아안과', '', '', '', '', '', ''),
	('복압성 요실금', '비뇨의학과', '', '', '', '', '', '', ''),
	('복합 부위 통증 증후군', '마취통증의학과', '', '', '', '', '', '', ''),
	('본히펠린다우 증후군 ', '내분비내과', '의학유전학센터', '소아내분비대사과', '의학유전학과', '', '', '', ''),
	('봉와직염', '감염내과', '성형외과', '', '', '', '', '', ''),
	('부가지', '성형외과', '소아정형외과', '', '', '', '', '', ''),
	('부갑상선기능저하증', '내분비내과', '', '', '', '', '', '', ''),
	('부갑상선기능항진증', '내분비내과', '소화기내과', '내분비외과', '', '', '', '', ''),
	('부갑상선암', '내분비내과', '내분비외과', '', '', '', '', '', ''),
	('부고환염', '비뇨의학과', '소아비뇨의학과', '', '', '', '', '', ''),
	('부르가다 증후군', '심장내과', '', '', '', '', '', '', ''),
	('부비동염', '호흡기내과', '이비인후과', '알레르기내과', '', '', '', '', ''),
	('부신 기능부전', '내분비내과', '신생아과', '소아내분비대사과', '', '', '', '', ''),
	('부신 종양', '내분비내과', '비뇨의학과', '', '', '', '', '', ''),
	('부신백질이영양증', '신경과', '의학유전학센터', '소아내분비대사과', '의학유전학과', '소아재활의학과', '', '', ''),
	('부신암', '내분비내과', '종양내과', '', '', '', '', '', ''),
	('부전', '의학유전학센터', '의학유전학과', '', '', '', '', '', ''),
	('부정맥', '심장내과', '심장혈관흉부외과', '', '', '', '', '', ''),
	('분리 불안 장애', '정신건강의학과', '소아정신건강의학과', '', '', '', '', '', ''),
	('분만 후 출혈', '산부인과', '', '', '', '', '', '', ''),
	('분열정동 장애', '정신건강의학과', '소아정신건강의학과', '', '', '', '', '', ''),
	('불면증', '정신건강의학과', '', '', '', '', '', '', ''),
	('불안 장애', '정신건강의학과', '소아정신건강의학과', '', '', '', '', '', ''),
	('불안정형 협심증', '심장내과', '심장병원', '', '', '', '', '', ''),
	('브루셀라증', '감염내과', '', '', '', '', '', '', ''),
	('비 변형', '성형외과', '이비인후과', '', '', '', '', '', ''),
	('비듬', '피부과', '', '', '', '', '', '', ''),
	('비루관 폐쇄', '안과', '', '', '', '', '', '', ''),
	('비립종', '피부과', '', '', '', '', '', '', ''),
	('비만', '가정의학과', '성형외과', '스포츠건강의학센터', '소아내분비대사과', '소아소화기영양과', '', '', ''),
	('비문증', '안과', '소아안과', '', '', '', '', '', ''),
	('비부비동 종양', '이비인후과', '', '', '', '', '', '', ''),
	('비브리오 패혈증', '감염내과', '응급의학과', '', '', '', '', '', ''),
	('비소세포성 폐암', '종양내과', '호흡기내과', '방사선종양학과', '심장혈관흉부외과', '', '', '', ''),
	('비용종', '이비인후과', '', '', '', '', '', '', ''),
	('비인두 종양', '산부인과', '신경외과', '이비인후과', '소아내분비대사과', '소아신경외과', '', '', ''),
	('비임균성 요도염', '비뇨의학과', '', '', '', '', '', '', ''),
	('비장암', '종양내과', '간담도췌외과', '신ㆍ췌장이식외과', '', '', '', '', ''),
	('비정상적 자궁', ' 질 출혈', '산부인과', '', '', '', '', '', ''),
	('비정형 파킨슨 증후군', '신경과', '', '', '', '', '', '', ''),
	('비중격 만곡', '이비인후과', '', '', '', '', '', '', ''),
	('비출혈', '이비인후과', '', '', '', '', '', '', ''),
	('비호지킨 림프종', '종양내과', '혈액내과', '방사선종양학과', '소아청소년종양혈액과', '', '', '', ''),
	('뼈의 신생물', '종양내과', '소아청소년종양혈액과', '정형외과', '', '', '', '', ''),
	('사구체신염', '신장내과', '소아신장과', '', '', '', '', '', ''),
	('사마귀', '피부과', '', '', '', '', '', '', ''),
	('사면발이증', '피부과', '', '', '', '', '', '', ''),
	('사시', '안과', '소아안과', '', '', '', '', '', ''),
	('사이트린 결핍', '의학유전학센터', '의학유전학과', '', '', '', '', '', ''),
	('사춘기 조숙', '소아내분비대사과', '', '', '', '', '', '', ''),
	('사타구니 백선', '피부과', '', '', '', '', '', '', ''),
	('사회공포증', '정신건강의학과', '', '', '', '', '', '', ''),
	('산욕열', '산부인과', '', '', '', '', '', '', ''),
	('산필리포 증후군', '의학유전학센터', '의학유전학과', '', '', '', '', '', ''),
	('산후 갑상선염', '내분비내과', '', '', '', '', '', '', ''),
	('산후 우울증', '산부인과', '정신건강의학과', '', '', '', '', '', ''),
	('삼차 신경병증', '신경과', '신경외과', '', '', '', '', '', ''),
	('삼출성 중이염', '이비인후과', '', '', '', '', '', '', ''),
	('상기도 감염', '알레르기내과', '', '', '', '', '', '', ''),
	('상대정맥 증후군', '종양내과', '심장혈관흉부외과', '', '', '', '', '', ''),
	('상피내 신생물', '성형외과', '피부과', '', '', '', '', '', ''),
	('샅육아종', '감염내과', '비뇨의학과', '산부인과', '', '', '', '', ''),
	('새열 낭종', '이비인후과', '어린이병원', '', '', '', '', '', ''),
	('새집 증후군', '가정의학과', '알레르기내과', '', '', '', '', '', ''),
	('색소 세포성 모반', '성형외과', '피부과', '', '', '', '', '', ''),
	('색약', '안과', '', '', '', '', '', '', ''),
	('생식선 및 생식 세포의 신생물', '종양내과', '방사선종양학과', '소아청소년종양혈액과', '', '', '', '', ''),
	('샤가스병', '감염내과', '', '', '', '', '', '', ''),
	('서맥', '심장내과', '심장병원', '', '', '', '', '', ''),
	('서혜부 탈장', '어린이병원', '', '', '', '', '', '', ''),
	('석회성 건염', '정형외과', '', '', '', '', '', '', ''),
	('석회화 담낭', '소화기내과', '', '', '', '', '', '', ''),
	('선모충증', '감염내과', '', '', '', '', '', '', ''),
	('선천성 갑상선기능저하증', '의학유전학센터', '소아내분비대사과', '소아신장과', '의학유전학과', '', '', '', ''),
	('선천성 거대결장증', '소아외과', '', '', '', '', '', '', ''),
	('선천성 기형', '의학유전학센터', '어린이병원', '', '', '', '', '', ''),
	('선천성 눈 기형', '안과', '의학유전학센터', '의학유전학과', '소아안과', '', '', '', ''),
	('선천성 담관 폐쇄증', '소화기내과', '소아외과', '소아소화기영양과', '', '', '', '', ''),
	('선천성 부신과다 형성증', '의학유전학센터', '소아내분비대사과', '의학유전학과', '소아비뇨의학과', '', '', '', ''),
	('선천성 사경', '재활의학과', '소아재활의학과', '', '', '', '', '', ''),
	('선천성 색소결핍증', '피부과', '의학유전학센터', '의학유전학과', '', '', '', '', ''),
	('선천성 소장 결손', ' 폐쇄 및 협착', '산부인과', '소아외과', '', '', '', '', ''),
	('선천성 손 기형', '성형외과', '정형외과', '소아정형외과', '', '', '', '', ''),
	('선천성 수신증', '신생아과', '어린이병원', '소아신장과', '소아비뇨의학과', '', '', '', ''),
	('선천성 심장 질환', '심장내과', '선천성심장병센터', '심장병원', '', '', '', '', ''),
	('선천성 편평발', '소아정형외과', '', '', '', '', '', '', ''),
	('설맹', '안과', '', '', '', '', '', '', ''),
	('설소대 단축증', '이비인후과', '', '', '', '', '', '', ''),
	('설인신경통', '마취통증의학과', '신경외과', '', '', '', '', '', ''),
	('설통', '이비인후과', '치과', '', '', '', '', '', ''),
	('섬망', '정신건강의학과', '', '', '', '', '', '', ''),
	('섭식 장애', '정신건강의학과', '', '', '', '', '', '', ''),
	('성기능장애', '비뇨의학과', '', '', '', '', '', '', ''),
	('성대와 후두 결절', '이비인후과', '', '', '', '', '', '', ''),
	('성대와 후두 용종', '이비인후과', '', '', '', '', '', '', ''),
	('성도착증', '정신건강의학과', '', '', '', '', '', '', ''),
	('성병', '감염내과', '', '', '', '', '', '', ''),
	('성선기능저하증', '내분비내과', '', '', '', '', '', '', ''),
	('성인 주의력 결핍 과잉행동장애', '정신건강의학과', '', '', '', '', '', '', ''),
	('성인 호흡곤란 증후군', '호흡기내과', '', '', '', '', '', '', ''),
	('성인형 스틸병', '류마티스내과', '', '', '', '', '', '', ''),
	('성장호르몬 결핍증', '내분비내과', '소아내분비대사과', '', '', '', '', '', ''),
	('성홍열', '어린이병원', '', '', '', '', '', '', ''),
	('세균성 이질', '감염내과', '', '', '', '', '', '', ''),
	('셀리악병', '소화기내과', '', '', '', '', '', '', ''),
	('소건막류', '정형외과', '', '', '', '', '', '', ''),
	('소변 정체', '비뇨의학과', '', '', '', '', '', '', ''),
	('소세포성 폐암', '종양내과', '호흡기내과', '방사선종양학과', '심장혈관흉부외과', '', '', '', ''),
	('소아 류마티스 관절염', '소아정형외과', '류마티스내과', '', '', '', '', '', ''),
	('소아마비', '어린이병원', '', '', '', '', '', '', ''),
	('소아청소년기 우울증', '소아정신건강의학과', '', '', '', '', '', '', ''),
	('소이증', '성형외과', '이비인후과', '', '', '', '', '', ''),
	('소장암', '소화기내과', '종양내과', '방사선종양학과', '대장항문외과', '', '', '', ''),
	('소장의 혈관 장애', '소화기내과', '', '', '', '', '', '', ''),
	('소화관의 이물', '소화기내과', '응급의학과', '', '', '', '', '', ''),
	('소화불량', '가정의학과', '소화기내과', '노년내과', '', '', '', '', ''),
	('속립성 결핵', '감염내과', '호흡기내과', '', '', '', '', '', ''),
	('손목 수근관 증후군', '신경과', '정형외과', '', '', '', '', '', ''),
	('쇄골 골절', '정형외과', '', '', '', '', '', '', ''),
	('쇼그렌 증후군', '안과', '이비인후과', '류마티스내과', '', '', '', '', ''),
	('수두', '감염내과', '피부과', '', '', '', '', '', ''),
	('수두증', '신경외과', '소아신경외과', '', '', '', '', '', ''),
	('수막종', '신경외과', '', '', '', '', '', '', ''),
	('수면 무호흡증', '호흡기내과', '신경과', '이비인후과', '정신건강의학과', '치과', '', '', ''),
	('수면 장애', '가정의학과', '신경과', '정신건강의학과', '', '', '', '', ''),
	('수면보행증', '정신건강의학과', '', '', '', '', '', '', ''),
	('수부 습진', '피부과', '', '', '', '', '', '', ''),
	('수부 외상', '성형외과', '정형외과', '', '', '', '', '', ''),
	('수신증', '비뇨의학과', '소아신장과', '소아비뇨의학과', '', '', '', '', ''),
	('수정대혈관 전위', '소아심장외과', '', '', '', '', '', '', ''),
	('수정체 탈구', '안과', '', '', '', '', '', '', ''),
	('수족구병', '소아청소년심장과', '소아신장과', '', '', '', '', '', ''),
	('수족냉증', '가정의학과', '', '', '', '', '', '', ''),
	('순수적혈구무형성', '혈액내과', '소아청소년종양혈액과', '', '', '', '', '', ''),
	('슈도모나스 감염', '감염내과', '', '', '', '', '', '', ''),
	('스미스-마제니스 증후군 ', '의학유전학센터', '의학유전학과', '', '', '', '', '', ''),
	('스터지 웨버 증후군', '성형외과', '신경과', '소아신경과', '소아재활의학과', '', '', '', ''),
	('스티븐 존슨 증후군', '안과', '알레르기내과', '', '', '', '', '', ''),
	('스티클러 증후군', '의학유전학센터', '의학유전학과', '', '', '', '', '', ''),
	('스파르가눔증', '감염내과', '', '', '', '', '', '', ''),
	('스핑고 지질증', '의학유전학센터', '소아내분비대사과', '소아신경과', '의학유전학과', '', '', '', ''),
	('슬개건염', '정형외과', '', '', '', '', '', '', ''),
	('슬개골 골절', '정형외과', '', '', '', '', '', '', ''),
	('슬관절 장애', '정형외과', '', '', '', '', '', '', ''),
	('슬라이 증후군', '의학유전학센터', '의학유전학과', '', '', '', '', '', ''),
	('습관성 유산', '산부인과', '', '', '', '', '', '', ''),
	('습진', '피부과', '', '', '', '', '', '', ''),
	('승모판 기능부전 ', '심장내과', '심장혈관흉부외과', '심장병원', '', '', '', '', ''),
	('승모판 협착 ', '심장내과', '심장병원', '', '', '', '', '', ''),
	('시신경염', '신경과', '안과', '소아신경과', '', '', '', '', ''),
	('시트룰닌혈증', '의학유전학센터', '소아내분비대사과', '의학유전학과', '', '', '', '', ''),
	('식도 정맥류', '소화기내과', '', '', '', '', '', '', ''),
	('식도암', '소화기내과', '종양내과', '영상의학과', '방사선종양학과', '신경외과', '이비인후과', '심장혈관흉부외과', '위장관외과'),
	('식도염', '소화기내과', '노년내과', '', '', '', '', '', ''),
	('식도의 이물', '소화기내과', '응급의학과', '', '', '', '', '', ''),
	('식도의 평활근종', '소화기내과', '', '', '', '', '', '', ''),
	('식도이완불능증', '소화기내과', '', '', '', '', '', '', ''),
	('식중독', '가정의학과', '소화기내과', '', '', '', '', '', ''),
	('신경근병증', '신경과', '정형외과', '', '', '', '', '', ''),
	('신경모세포종', '방사선종양학과', '소아청소년종양혈액과', '소아외과', '', '', '', '', ''),
	('신경섬유종', '성형외과', '정형외과', '피부과', '의학유전학센터', '소아내분비대사과', '의학유전학과', '소아신경외과', ''),
	('신경성 식욕부진증', '정신건강의학과', '소아정신건강의학과', '', '', '', '', '', ''),
	('신경성 폭식증', '정신건강의학과', '', '', '', '', '', '', ''),
	('신경절 신경종', '신경외과', '', '', '', '', '', '', ''),
	('신경종', '신경과', '신경외과', '', '', '', '', '', ''),
	('신경초종', '종양내과', '방사선종양학과', '신경외과', '이비인후과', '', '', '', ''),
	('신동맥 협착증', '신장내과', '', '', '', '', '', '', ''),
	('신부전', '신장내과', '신ㆍ췌장이식외과', '', '', '', '', '', ''),
	('신생아 가사', '신생아과', '어린이병원', '소아재활의학과', '', '', '', '', ''),
	('신생아 경련', '어린이병원', '소아신경과', '', '', '', '', '', ''),
	('신생아 괴사성 장염', '산부인과', '신생아과', '소아외과', '', '', '', '', ''),
	('신생아 답즙정체증', '소아소화기영양과', '', '', '', '', '', '', ''),
	('신생아 호흡곤란증후군', '신생아과', '어린이병원', '소아재활의학과', '', '', '', '', ''),
	('신생아 황달', '신생아과', '어린이병원', '', '', '', '', '', ''),
	('신세포암종', '종양내과', '방사선종양학과', '비뇨의학과', '', '', '', '', ''),
	('신우요관 폐색', '비뇨의학과', '소아비뇨의학과', '', '', '', '', '', ''),
	('신우요관암', '가정의학과', '종양내과', '비뇨의학과', '', '', '', '', ''),
	('신장 결석', '비뇨의학과', '소아비뇨의학과', '', '', '', '', '', ''),
	('신장 이형성증', '어린이병원', '소아비뇨의학과', '', '', '', '', '', ''),
	('신장의 신생물', '신장내과', '비뇨의학과', '', '', '', '', '', ''),
	('신종 플루', '감염내과', '호흡기내과', '', '', '', '', '', ''),
	('신증후군', '신장내과', '소아신장과', '', '', '', '', '', ''),
	('신증후성 출혈열', '감염내과', '신장내과', '', '', '', '', '', ''),
	('신체형 장애', '노년내과', '정신건강의학과', '', '', '', '', '', ''),
	('실어증', '정신건강의학과', '', '', '', '', '', '', ''),
	('심계항진', '심장내과', '심장병원', '', '', '', '', '', ''),
	('심근병증', '심장내과', '심장혈관흉부외과', '', '', '', '', '', ''),
	('심근염', '심장내과', '심장병원', '', '', '', '', '', ''),
	('심낭 삼출 ', '심장내과', '심장병원', '', '', '', '', '', ''),
	('심낭 압전', '심장내과', '심장병원', '', '', '', '', '', ''),
	('심낭염', '심장내과', '심장병원', '', '', '', '', '', ''),
	('심내막염', '심장내과', '심장병원', '', '', '', '', '', ''),
	('심방 세동', '심장내과', '심장병원', '', '', '', '', '', ''),
	('심방 조동', '심장내과', '심장병원', '', '', '', '', '', ''),
	('심방 중격 결손', '심장내과', '소아청소년심장과', '심장혈관흉부외과', '소아심장외과', '선천성심장병센터', '심장병원', '', ''),
	('심부정맥 색전증', '혈관외과', '', '', '', '', '', '', ''),
	('심실 빈맥', '심장내과', '심장병원', '', '', '', '', '', ''),
	('심실 세동', '심장내과', '심장병원', '', '', '', '', '', ''),
	('심실 중격 결손', '심장내과', '소아청소년심장과', '심장혈관흉부외과', '소아심장외과', '선천성심장병센터', '심장병원', '', ''),
	('심장 종양', '심장내과', '심장혈관흉부외과', '', '', '', '', '', ''),
	('심장 판막 질환', '심장내과', '심장병원', '판막질환센터', '', '', '', '', ''),
	('십이지장 궤양', '소화기내과', '노년내과', '', '', '', '', '', ''),
	('십이지장염', '소화기내과', '', '', '', '', '', '', ''),
	('십자 인대 손상', '정형외과', '', '', '', '', '', '', ''),
	('쌍태아 수혈 증후군', '산부인과', '', '', '', '', '', '', ''),
	('아나필락시스', '응급의학과', '알레르기내과', '', '', '', '', '', ''),
	('아데노이드의 비대를 동반한 편도의 비대', '이비인후과', '', '', '', '', '', '', ''),
	('아두골반 불균형', '산부인과', '', '', '', '', '', '', ''),
	('아메바성 간농양', '소화기내과', '', '', '', '', '', '', ''),
	('아메바성 이질', '소화기내과', '', '', '', '', '', '', ''),
	('아밀로이드증', '심장내과', '종양내과', '혈액내과', '', '', '', '', ''),
	('아스퍼거 증후군', '정신건강의학과', '소아정신건강의학과', '', '', '', '', '', ''),
	('아스페르길루스증', '감염내과', '호흡기내과', '심장혈관흉부외과', '알레르기내과', '', '', '', ''),
	('아킬레스 건 파열', '정형외과', '', '', '', '', '', '', ''),
	('아킬레스 건염', '정형외과', '', '', '', '', '', '', ''),
	('아토피성 피부염', '피부과', '알레르기내과', '소아천식아토피센터', '', '', '', '', ''),
	('악성 고열증', '응급의학과', '', '', '', '', '', '', ''),
	('악성 신경교종', '방사선종양학과', '산부인과', '소아청소년종양혈액과', '신경외과', '소아신경외과', '', '', ''),
	('악성 종격동 종양', '종양내과', '방사선종양학과', '소아청소년종양혈액과', '심장혈관흉부외과', '암병원', '', '', ''),
	('악성 중피종', '종양내과', '방사선종양학과', '', '', '', '', '', ''),
	('악성 흉막 삼출', '종양내과', '호흡기내과', '', '', '', '', '', ''),
	('악성 흑색종', '종양내과', '방사선종양학과', '성형외과', '정형외과', '피부과', '피부암센터', '암병원', ''),
	('악액질', '종양내과', '', '', '', '', '', '', ''),
	('안검내반', '안과', '', '', '', '', '', '', ''),
	('안검염', '안과', '', '', '', '', '', '', ''),
	('안검하수', '성형외과', '안과', '소아안과', '', '', '', '', ''),
	('안검황색종', '성형외과', '피부과', '', '', '', '', '', ''),
	('안구 건조증', '안과', '', '', '', '', '', '', ''),
	('안드로겐 불감성 증후군 ', '의학유전학센터', '의학유전학과', '', '', '', '', '', ''),
	('안면 골절', '성형외과', '치과', '', '', '', '', '', ''),
	('안면 마비', '성형외과', '신경과', '이비인후과', '', '', '', '', ''),
	('안면 비대칭', '성형외과', '치과', '', '', '', '', '', ''),
	('안면 홍조증', '피부과', '', '', '', '', '', '', ''),
	('안면인식장애', '신경과', '', '', '', '', '', '', ''),
	('안암', '종양내과', '방사선종양학과', '안과', '암병원', '', '', '', ''),
	('안와 골절', '성형외과', '안과', '', '', '', '', '', ''),
	('알레르기 비염', '이비인후과', '소아호흡기알레르기과', '알레르기내과', '', '', '', '', ''),
	('알레르기성 결막염', '안과', '알레르기내과', '', '', '', '', '', ''),
	('알츠하이머병', '신경과', '정신건강의학과', '', '', '', '', '', ''),
	('알코올 의존성', '정신건강의학과', '', '', '', '', '', '', ''),
	('알코올성 간질환', '소화기내과', '', '', '', '', '', '', ''),
	('알포트 증후군', '신장내과', '어린이병원', '', '', '', '', '', ''),
	('압궤 손상', '성형외과', '응급의학과', '정형외과', '', '', '', '', ''),
	('야뇨증', '비뇨의학과', '소아비뇨의학과', '', '', '', '', '', ''),
	('야맹증', '안과', '', '', '', '', '', '', ''),
	('약물 발진', '피부과', '', '', '', '', '', '', ''),
	('약물 알레르기', '알레르기내과', '', '', '', '', '', '', ''),
	('약시', '안과', '소아안과', '', '', '', '', '', ''),
	('양극성 장애', '정신건강의학과', '소아정신건강의학과', '', '', '', '', '', ''),
	('양대혈관 우심실 기시증', '소아청소년심장과', '신생아과', '소아심장외과', '선천성심장병센터', '', '', '', ''),
	('양방단실유입증', '소아청소년심장과', '소아심장외과', '선천성심장병센터', '', '', '', '', ''),
	('양성 전립선 비대증', '가정의학과', '비뇨의학과', '', '', '', '', '', ''),
	('양성 종격동 종양', '심장혈관흉부외과', '', '', '', '', '', '', ''),
	('양수과다증', '산부인과', '', '', '', '', '', '', ''),
	('양수과소증', '산부인과', '', '', '', '', '', '', ''),
	('양수색전증', '산부인과', '', '', '', '', '', '', ''),
	('양안격리증', '성형외과', '', '', '', '', '', '', ''),
	('어린선', '피부과', '', '', '', '', '', '', ''),
	('얼렌 증후군', '정신건강의학과', '', '', '', '', '', '', ''),
	('에드워드 증후군 ', '소아청소년종양혈액과', '소아외과', '의학유전학센터', '소아신경과', '의학유전학과', '소아재활의학과', '', ''),
	('에볼라 출혈열', '감염내과', '', '', '', '', '', '', ''),
	('에이퍼트 증후군 ', '의학유전학센터', '의학유전학과', '', '', '', '', '', ''),
	('엔젤만 증후군', '의학유전학센터', '소아내분비대사과', '소아신경과', '의학유전학과', '', '', '', ''),
	('엘러스-단로스 증후군 ', '의학유전학센터', '소아내분비대사과', '의학유전학과', '', '', '', '', ''),
	('엡스테인 심기형', '소아청소년심장과', '소아심장외과', '선천성심장병센터', '', '', '', '', ''),
	('여드름', '피부과', '', '', '', '', '', '', ''),
	('여성 불임', '산부인과', '', '', '', '', '', '', ''),
	('여성형 유방', '내분비내과', '성형외과', '유방외과', '', '', '', '', ''),
	('연골무형성증', '의학유전학센터', '소아내분비대사과', '의학유전학과', '소아정형외과', '', '', '', ''),
	('연골연화증', '정형외과', '', '', '', '', '', '', ''),
	('연부조직 육종', '종양내과', '방사선종양학과', '성형외과', '소아청소년종양혈액과', '정형외과', '암병원', '', ''),
	('연부조직 전이', '종양내과', '방사선종양학과', '', '', '', '', '', ''),
	('열 피로', '가정의학과', '응급의학과', '', '', '', '', '', ''),
	('열사병', '응급의학과', '', '', '', '', '', '', ''),
	('염좌', '정형외과', '', '', '', '', '', '', ''),
	('영아 비대성 유문협착증', '산부인과', '소아외과', '', '', '', '', '', ''),
	('영아 산통', '신생아과', '어린이병원', '', '', '', '', '', ''),
	('오래된 심근경색증', '심장내과', '심장병원', '', '', '', '', '', ''),
	('오스굿씨 병', '정형외과', '', '', '', '', '', '', ''),
	('오타 모반', '피부과', '', '', '', '', '', '', ''),
	('온전한 심실 중격을 가진 폐동맥 폐쇄', '소아청소년심장과', '소아심장외과', '선천성심장병센터', '', '', '', '', ''),
	('옴', '피부과', '', '', '', '', '', '', ''),
	('옻 중독', '피부과', '', '', '', '', '', '', ''),
	('완전 척수 손상', '신경외과', '재활의학과', '', '', '', '', '', ''),
	('외반슬', '정형외과', '', '', '', '', '', '', ''),
	('외상 후 스트레스 장애', '정신건강의학과', '소아정신건강의학과', '', '', '', '', '', ''),
	('외상성 경막하 출혈', '신경외과', '', '', '', '', '', '', ''),
	('외상성 치매 ', '정신건강의학과', '', '', '', '', '', '', ''),
	('외상에 의한 고막 천공', '이비인후과', '', '', '', '', '', '', ''),
	('외상에 의한 뇌 손상', '신경과', '신경외과', '응급의학과', '', '', '', '', ''),
	('외상에 의한 척수 손상', '신경외과', '응급의학과', '', '', '', '', '', ''),
	('외상에 의한 척추 손상', '신경외과', '응급의학과', '정형외과', '', '', '', '', ''),
	('외음부암', '산부인과', '암병원', '', '', '', '', '', ''),
	('외음질의 이물', '산부인과', '응급의학과', '', '', '', '', '', ''),
	('외이도염', '이비인후과', '', '', '', '', '', '', ''),
	('요관 결석', '비뇨의학과', '', '', '', '', '', '', ''),
	('요관 협착', '비뇨의학과', '', '', '', '', '', '', ''),
	('요도하열', '비뇨의학과', '소아비뇨의학과', '', '', '', '', '', ''),
	('요독증', '신장내과', '', '', '', '', '', '', ''),
	('요로 감염', '신장내과', '노년내과', '비뇨의학과', '소아신장과', '소아비뇨의학과', '', '', ''),
	('요로결석', '비뇨의학과', '', '', '', '', '', '', ''),
	('요붕증', '내분비내과', '소아내분비대사과', '', '', '', '', '', ''),
	('요실금', '비뇨의학과', '', '', '', '', '', '', ''),
	('요족', '정형외과', '', '', '', '', '', '', ''),
	('요추 전방전위증', '신경외과', '정형외과', '', '', '', '', '', ''),
	('요추 추간판 탈출증', '마취통증의학과', '신경외과', '정형외과', '', '', '', '', ''),
	('요추관 협착증', '마취통증의학과', '신경외과', '정형외과', '', '', '', '', ''),
	('요충증', '감염내과', '', '', '', '', '', '', ''),
	('요통', '노년내과', '마취통증의학과', '신경외과', '재활의학과', '정형외과', '스포츠건강의학센터', '', ''),
	('욕창 ', '성형외과', '', '', '', '', '', '', ''),
	('용혈성 요독 증후군', '감염내과', '소화기내과', '신장내과', '소아신장과', '소아감염과', '', '', ''),
	('우울증', '정신건강의학과', '소아정신건강의학과', '', '', '', '', '', ''),
	('운동신경 질환', '신경과', '', '', '', '', '', '', ''),
	('울혈성 심부전', '심장내과', '심장병원', '', '', '', '', '', ''),
	('원발부위 불명암', '종양내과', '방사선종양학과', '암병원', '', '', '', '', ''),
	('원발성 담즙성 경화증', '소화기내과', '', '', '', '', '', '', ''),
	('원발성 월경곤란', '산부인과', '', '', '', '', '', '', ''),
	('원발성 중추신경계 림프종', '종양내과', '혈액내과', '소아청소년종양혈액과', '', '', '', '', ''),
	('원위 요골과 척골 골절', '정형외과', '', '', '', '', '', '', ''),
	('원인을 알 수 없는 열', '가정의학과', '감염내과', '', '', '', '', '', ''),
	('원추각막', '안과', '', '', '', '', '', '', ''),
	('원충성 질환', '감염내과', '', '', '', '', '', '', ''),
	('원판형 반월상연골', '정형외과', '', '', '', '', '', '', ''),
	('월경전 증후군', '산부인과', '', '', '', '', '', '', ''),
	('웨스트나일열', '감염내과', '', '', '', '', '', '', ''),
	('위 유암종', '소화기내과', '', '', '', '', '', '', ''),
	('위 정맥류', '소화기내과', '', '', '', '', '', '', ''),
	('위경련', '감염내과', '소화기내과', '', '', '', '', '', ''),
	('위궤양', '소화기내과', '노년내과', '', '', '', '', '', ''),
	('위막성 대장염', '소화기내과', '', '', '', '', '', '', ''),
	('위말트 림프종 ', '소화기내과', '종양내과', '위암센터', '암병원', '', '', '', ''),
	('위선종', '소화기내과', '', '', '', '', '', '', ''),
	('위식도 역류성 질환', '가정의학과', '소화기내과', '위장관외과', '소아소화기영양과', '', '', '', ''),
	('위암', '소화기내과', '종양내과', '방사선종양학과', '위장관외과', '암병원', '', '', ''),
	('위염', '소화기내과', '노년내과', '소아소화기영양과', '', '', '', '', ''),
	('위용종', '소화기내과', '', '', '', '', '', '', ''),
	('위장관 결핵', '감염내과', '소화기내과', '소아소화기영양과', '', '', '', '', ''),
	('위장관 기질 종양', '소화기내과', '종양내과', '위장관외과', '', '', '', '', ''),
	('위장관 출혈', '소화기내과', '소아소화기영양과', '', '', '', '', '', ''),
	('윌름즈 종양', '소아청소년종양혈액과', '소아외과', '의학유전학센터', '의학유전학과', '소아비뇨의학과', '', '', ''),
	('윌리암스 증후군 ', '의학유전학센터', '의학유전학과', '', '', '', '', '', ''),
	('윌슨병', '소화기내과', '신경과', '의학유전학센터', '간이식ㆍ간담도외과', '소아내분비대사과', '소아소화기영양과', '의학유전학과', ''),
	('유관 확장증', '유방외과', '', '', '', '', '', '', ''),
	('유당분해효소결핍증', '가정의학과', '', '', '', '', '', '', ''),
	('유리체 출혈', '안과', '', '', '', '', '', '', ''),
	('유방 농양', '유방외과', '', '', '', '', '', '', ''),
	('유방 상피내암', '방사선종양학과', '유방외과', '', '', '', '', '', ''),
	('유방 종양', '유방외과', '', '', '', '', '', '', ''),
	('유방 파제트병 ', '방사선종양학과', '유방외과', '', '', '', '', '', ''),
	('유방암', '종양내과', '방사선종양학과', '성형외과', '재활의학과', '유방외과', '', '', ''),
	('유방의 미세석회화', '유방외과', '', '', '', '', '', '', ''),
	('유방의 섬유선종', '유방외과', '', '', '', '', '', '', ''),
	('유방의 엽상 종양', '종양내과', '방사선종양학과', '유방외과', '', '', '', '', ''),
	('유방의 유선관 내 유두종', '유방외과', '', '', '', '', '', '', ''),
	('유방통', '유방외과', '', '', '', '', '', '', ''),
	('유산', '산부인과', '', '', '', '', '', '', ''),
	('유산 후 계속되는 임신', '산부인과', '', '', '', '', '', '', ''),
	('유선염', '유방외과', '', '', '', '', '', '', ''),
	('유잉육종', '종양내과', '소아청소년종양혈액과', '', '', '', '', '', ''),
	('유전구형적혈구증', '혈액내과', '', '', '', '', '', '', ''),
	('유행성 이하선염', '감염내과', '이비인후과', '소아신장과', '소아감염과', '', '', '', ''),
	('육종', '종양내과', '방사선종양학과', '성형외과', '정형외과', '', '', '', ''),
	('융모막암종', '산부인과', '암병원', '', '', '', '', '', ''),
	('융모양막염', '산부인과', '', '', '', '', '', '', ''),
	('음경 발기지속증', '비뇨의학과', '', '', '', '', '', '', ''),
	('음경만곡증', '비뇨의학과', '', '', '', '', '', '', ''),
	('음경암', '비뇨의학과', '암병원', '', '', '', '', '', ''),
	('음낭 내 부속기 염전', '비뇨의학과', '', '', '', '', '', '', ''),
	('음낭수종', '비뇨의학과', '소아외과', '소아비뇨의학과', '', '', '', '', ''),
	('음식 알레르기', '알레르기내과', '', '', '', '', '', '', ''),
	('의상도착증', '정신건강의학과', '', '', '', '', '', '', ''),
	('이루증', '이비인후과', '', '', '', '', '', '', ''),
	('이물질에 의한 기도 막힘', '응급의학과', '', '', '', '', '', '', ''),
	('이상 태위', '산부인과', '', '', '', '', '', '', ''),
	('이상지질혈증', '가정의학과', '내분비내과', '노년내과', '', '', '', '', ''),
	('이석증', '이비인후과', '', '', '', '', '', '', ''),
	('이소성 골화증', '정형외과', '', '', '', '', '', '', ''),
	('이소성 췌장', '소화기내과', '소아소화기영양과', '', '', '', '', '', ''),
	('이식편대숙주질환', '혈액내과', '', '', '', '', '', '', ''),
	('이차성 파킨슨증', '신경과', '', '', '', '', '', '', ''),
	('익상편', '안과', '', '', '', '', '', '', ''),
	('익수', '응급의학과', '', '', '', '', '', '', ''),
	('인슐린 비의존성 당뇨병', '가정의학과', '건강의학과', '내분비내과', '신ㆍ췌장이식외과', '', '', '', ''),
	('인슐린 의존성 당뇨병', '가정의학과', '건강의학과', '내분비내과', '소아내분비대사과', '신ㆍ췌장이식외과', '', '', ''),
	('인유두종 바이러스 감염증', '감염내과', '', '', '', '', '', '', ''),
	('인터넷 중독', '정신건강의학과', '', '', '', '', '', '', ''),
	('인플루엔자', '노년내과', '', '', '', '', '', '', ''),
	('인후두염', '이비인후과', '', '', '', '', '', '', ''),
	('일과성 고관절 활액막염', '소아정형외과', '', '', '', '', '', '', ''),
	('일과성 뇌허혈증', '신경과', '', '', '', '', '', '', ''),
	('일본 뇌염', '감염내과', '신경과', '소아신경과', '', '', '', '', ''),
	('일산화탄소 중독', '응급의학과', '', '', '', '', '', '', ''),
	('임신성 고혈압', '산부인과', '', '', '', '', '', '', ''),
	('임신성 당뇨병', '내분비내과', '산부인과', '', '', '', '', '', ''),
	('임질', '비뇨의학과', '', '', '', '', '', '', ''),
	('임파선염', '이비인후과', '', '', '', '', '', '', ''),
	('자가면역 질환', '내분비내과', '소화기내과', '신장내과', '호흡기내과', '피부과', '류마티스내과', '알레르기내과', ''),
	('자가면역성 간염', '소화기내과', '소아소화기영양과', '', '', '', '', '', ''),
	('자가면역성 갑상선염', '내분비내과', '신생아과', '', '', '', '', '', ''),
	('자가면역용혈질환', '혈액내과', '', '', '', '', '', '', ''),
	('자간전증', '산부인과', '', '', '', '', '', '', ''),
	('자간증', '산부인과', '', '', '', '', '', '', ''),
	('자궁 경부의 이형성증', '산부인과', '', '', '', '', '', '', ''),
	('자궁 내 성장 지연', '산부인과', '', '', '', '', '', '', ''),
	('자궁 발육부전', '산부인과', '', '', '', '', '', '', ''),
	('자궁 상피 내 암종', '산부인과', '암병원', '', '', '', '', '', ''),
	('자궁 외 임신', '산부인과', '', '', '', '', '', '', ''),
	('자궁 육종', '산부인과', '암병원', '', '', '', '', '', ''),
	('자궁 탈출증', '산부인과', '', '', '', '', '', '', ''),
	('자궁경관무력증', '산부인과', '', '', '', '', '', '', ''),
	('자궁경부암', '산부인과', '암병원', '', '', '', '', '', ''),
	('자궁경부염', '산부인과', '', '', '', '', '', '', ''),
	('자궁내막 용종', '산부인과', '', '', '', '', '', '', ''),
	('자궁내막 이상증식증', '산부인과', '', '', '', '', '', '', ''),
	('자궁내막암', '산부인과', '암병원', '', '', '', '', '', ''),
	('자궁내막증', '산부인과', '', '', '', '', '', '', ''),
	('자궁선근증', '산부인과', '', '', '', '', '', '', ''),
	('자궁의 비염증성 장애', '산부인과', '', '', '', '', '', '', ''),
	('자궁의 평활근종', '산부인과', '', '', '', '', '', '', ''),
	('자극성 장 증후군', '소화기내과', '', '', '', '', '', '', ''),
	('자발성 두개강 내 출혈', '신경과', '신경외과', '', '', '', '', '', ''),
	('자폐증 / 자폐 스펙트럼 장애', '정신건강의학과', '소아정신건강의학과', '', '', '', '', '', ''),
	('잠금 증후군', '신경과', '신경외과', '', '', '', '', '', ''),
	('잠복고환증', '비뇨의학과', '소아비뇨의학과', '', '', '', '', '', ''),
	('잠수병', '응급의학과', '', '', '', '', '', '', ''),
	('잠재성 이분 척추', '어린이병원', '', '', '', '', '', '', ''),
	('장간막 동맥 혈전증', '응급의학과', '', '', '', '', '', '', ''),
	('장간막 정맥 혈전증', '응급의학과', '', '', '', '', '', '', ''),
	('장염전', '소아외과', '', '', '', '', '', '', ''),
	('장유착', '소화기내과', '', '', '', '', '', '', ''),
	('장중첩증', '산부인과', '소아외과', '', '', '', '', '', ''),
	('장출혈성 대장균 감염증', '감염내과', '소화기내과', '', '', '', '', '', ''),
	('장티푸스', '감염내과', '', '', '', '', '', '', ''),
	('장폐색', '소화기내과', '소아외과', '대장항문외과', '', '', '', '', ''),
	('재발성 견관절 전방 탈구', '정형외과', '', '', '', '', '', '', ''),
	('재발성 천명', '알레르기내과', '소아천식아토피센터', '', '', '', '', '', ''),
	('재발성 탈장', '소아외과', '위장관외과', '', '', '', '', '', ''),
	('재생불량빈혈', '혈액내과', '소아청소년종양혈액과', '', '', '', '', '', ''),
	('저나트륨혈증', '내분비내과', '신장내과', '노년내과', '', '', '', '', ''),
	('저마그네슘혈증', '신장내과', '', '', '', '', '', '', ''),
	('저신장', '소아내분비대사과', '소아정형외과', '', '', '', '', '', ''),
	('저체온증', '응급의학과', '', '', '', '', '', '', ''),
	('저칼륨혈증', '내분비내과', '신장내과', '소아신장과', '', '', '', '', ''),
	('저칼슘혈증', '내분비내과', '신생아과', '소아내분비대사과', '', '', '', '', ''),
	('저혈당증', '내분비내과', '소아내분비대사과', '', '', '', '', '', ''),
	('저혈압', '심장내과', '심장병원', '', '', '', '', '', ''),
	('적응 장애', '정신건강의학과', '소아정신건강의학과', '', '', '', '', '', ''),
	('전격성 간염', '소화기내과', '소아외과', '간이식ㆍ간담도외과', '소아소화기영양과', '', '', '', ''),
	('전도 장애', '심장내과', '심장병원', '', '', '', '', '', ''),
	('전립선암', '건강의학과', '종양내과', '방사선종양학과', '비뇨의학과', '암병원', '', '', ''),
	('전신 경화증', '호흡기내과', '피부과', '류마티스내과', '', '', '', '', ''),
	('전신 홍반성 낭창', '신장내과', '소아신장과', '류마티스내과', '', '', '', '', ''),
	('전이 암', '종양내과', '방사선종양학과', '', '', '', '', '', ''),
	('전이성 신장암', '종양내과', '', '', '', '', '', '', ''),
	('전정신경염', '이비인후과', '', '', '', '', '', '', ''),
	('전치 태반', '산부인과', '', '', '', '', '', '', ''),
	('전폐정맥연결 이상', '소아청소년심장과', '소아심장외과', '선천성심장병센터', '', '', '', '', ''),
	('절박 유산', '산부인과', '', '', '', '', '', '', ''),
	('점액낭염', '정형외과', '', '', '', '', '', '', ''),
	('점액수종 혼수', '내분비내과', '', '', '', '', '', '', ''),
	('접촉 피부염', '피부과', '알레르기내과', '', '', '', '', '', ''),
	('정계정맥류', '비뇨의학과', '소아비뇨의학과', '', '', '', '', '', ''),
	('정자부족증', '산부인과', '', '', '', '', '', '', ''),
	('제대 탈장', '소아외과', '위장관외과', '', '', '', '', '', ''),
	('조갑 이영양증', '피부과', '', '', '', '', '', '', ''),
	('조갑백선', '피부과', '', '', '', '', '', '', ''),
	('조갑주위염', '피부과', '', '', '', '', '', '', ''),
	('조기 양막 파열', '산부인과', '', '', '', '', '', '', ''),
	('조기 위암', '소화기내과', '위장관외과', '암병원', '', '', '', '', ''),
	('조기 진통', '산부인과', '', '', '', '', '', '', ''),
	('조기 폐경', '산부인과', '', '', '', '', '', '', ''),
	('조로증', '의학유전학센터', '의학유전학과', '', '', '', '', '', ''),
	('조루증', '비뇨의학과', '', '', '', '', '', '', ''),
	('조류 인플루엔자 인체감염증', '감염내과', '', '', '', '', '', '', ''),
	('조산', '산부인과', '', '', '', '', '', '', ''),
	('조현병', '정신건강의학과', '소아정신건강의학과', '', '', '', '', '', ''),
	('조혈모세포 이식', '혈액내과', '소아청소년종양혈액과', '', '', '', '', '', ''),
	('족저 근막염', '정형외과', '', '', '', '', '', '', ''),
	('종격동염', '호흡기내과', '심장혈관흉부외과', '', '', '', '', '', ''),
	('좌골신경통', '마취통증의학과', '신경외과', '정형외과', '', '', '', '', ''),
	('주관절 외상과염', '정형외과', '', '', '', '', '', '', ''),
	('주근깨', '피부과', '', '', '', '', '', '', ''),
	('주의력결핍 과잉행동장애', '정신건강의학과', '소아정신건강의학과', '', '', '', '', '', ''),
	('죽상경화증', '심장내과', '', '', '', '', '', '', ''),
	('중동 호흡기 증후군', '호흡기내과', '', '', '', '', '', '', ''),
	('중심장액성 맥락망막병증', '안과', '', '', '', '', '', '', ''),
	('중증 근무력증', '신경과', '', '', '', '', '', '', ''),
	('중증 급성 호흡기 증후군', '호흡기내과', '', '', '', '', '', '', ''),
	('중증 열성 혈소판감소 증후군', '감염내과', '', '', '', '', '', '', ''),
	('쥐젖', '피부과', '', '', '', '', '', '', ''),
	('증상이 없는 HIV 감염', '감염내과', '', '', '', '', '', '', ''),
	('지간 신경종', '정형외과', '', '', '', '', '', '', ''),
	('지루성 피부염', '피부과', '', '', '', '', '', '', ''),
	('지방간', '소화기내과', '노년내과', '', '', '', '', '', ''),
	('지방종', '성형외과', '피부과', '', '', '', '', '', ''),
	('지역사회성 폐렴', '호흡기내과', '', '', '', '', '', '', ''),
	('지적장애', '재활의학과', '어린이병원', '소아정신건강의학과', '소아재활의학과', '', '', '', ''),
	('지주막하 출혈', '신경과', '신경외과', '', '', '', '', '', ''),
	('지중해빈혈', '혈액내과', '소아청소년종양혈액과', '', '', '', '', '', ''),
	('지카 바이러스 감염증', '감염내과', '', '', '', '', '', '', ''),
	('직장 유암종', '소화기내과', '', '', '', '', '', '', ''),
	('직장암', '종양내과', '방사선종양학과', '대장항문외과', '암병원', '', '', '', ''),
	('직장의 양성 종양', '소화기내과', '', '', '', '', '', '', ''),
	('진균성 각막 궤양', '안과', '', '', '', '', '', '', ''),
	('진주종', '이비인후과', '', '', '', '', '', '', ''),
	('진폐증', '호흡기내과', '', '', '', '', '', '', ''),
	('진행성 위암', '소화기내과', '종양내과', '위장관외과', '암병원', '', '', '', ''),
	('진행성 핵상마비', '신경과', '', '', '', '', '', '', ''),
	('질암', '산부인과', '암병원', '', '', '', '', '', ''),
	('차지 증후군', '소아청소년심장과', '의학유전학센터', '어린이병원', '소아내분비대사과', '의학유전학과', '소아천식아토피센터', '', ''),
	('처그 스트라우스 증후군', '알레르기내과', '', '', '', '', '', '', ''),
	('척수 종양', '방사선종양학과', '신경외과', '소아신경외과', '암병원', '', '', '', ''),
	('척수공동증', '신경외과', '소아신경외과', '', '', '', '', '', ''),
	('척수구근 근위축증 ', '신경과', '의학유전학센터', '의학유전학과', '', '', '', '', ''),
	('척수근육위축', '신경과', '신경외과', '의학유전학센터', '의학유전학과', '', '', '', ''),
	('척수병증', '신경과', '신경외과', '정형외과', '', '', '', '', ''),
	('척수소뇌성 운동실조증 ', '신경과', '의학유전학센터', '의학유전학과', '', '', '', '', ''),
	('척수수막류', '어린이병원', '소아신경외과', '', '', '', '', '', ''),
	('척추 골수염', '감염내과', '정형외과', '', '', '', '', '', ''),
	('척추 뇌저 동맥 증후군', '신경과', '', '', '', '', '', '', ''),
	('척추 종양', '정형외과', '암병원', '', '', '', '', '', ''),
	('척추병증', '정형외과', '류마티스내과', '', '', '', '', '', ''),
	('척추측만증', '정형외과', '', '', '', '', '', '', ''),
	('천식', '호흡기내과', '알레르기내과', '소아천식아토피센터', '', '', '', '', ''),
	('천추골 골절', '정형외과', '', '', '', '', '', '', ''),
	('천포창', '피부과', '', '', '', '', '', '', ''),
	('철결핍빈혈', '혈액내과', '소아청소년종양혈액과', '', '', '', '', '', ''),
	('첨형 콘딜로마', '비뇨의학과', '산부인과', '', '', '', '', '', ''),
	('청신경초종', '신경외과', '이비인후과', '', '', '', '', '', ''),
	('총담관 낭', '소화기내과', '소아외과', '간담도췌외과', '간이식ㆍ간담도외과', '', '', '', ''),
	('총담관 담석', '소화기내과', '간담도췌외과', '간이식ㆍ간담도외과', '', '', '', '', ''),
	('총동맥간증', '소아청소년심장과', '소아심장외과', '선천성심장병센터', '', '', '', '', ''),
	('춘곤증', '가정의학과', '', '', '', '', '', '', ''),
	('출혈성 결막염', '안과', '소아안과', '', '', '', '', '', ''),
	('충수암', '종양내과', '대장항문외과', '암병원', '', '', '', '', ''),
	('췌장 전이암', '소화기내과', '종양내과', '간담도췌외과', '', '', '', '', ''),
	('췌장암', '소화기내과', '종양내과', '방사선종양학과', '간담도췌외과', '간이식ㆍ간담도외과', '암병원', '', ''),
	('췌장염', '소화기내과', '간담도췌외과', '', '', '', '', '', ''),
	('취한증', '성형외과', '', '', '', '', '', '', ''),
	('측두동맥염', '혈관외과', '심장외과', '', '', '', '', '', ''),
	('치근낭', '치과', '', '', '', '', '', '', ''),
	('치매', '노년내과', '신경과', '정신건강의학과', '', '', '', '', ''),
	('치아 우식증[충치]', '치과', '', '', '', '', '', '', ''),
	('치열 궁 관계 이상', '치과', '', '', '', '', '', '', ''),
	('치은염', '치과', '', '', '', '', '', '', ''),
	('치조골염', '치과', '', '', '', '', '', '', ''),
	('치주 농양', '치과', '', '', '', '', '', '', ''),
	('치핵', '소화기내과', '대장항문외과', '', '', '', '', '', ''),
	('침샘염', '이비인후과', '치과', '', '', '', '', '', ''),
	('카롤리병', '소화기내과', '', '', '', '', '', '', ''),
	('카르니틴 팔미토일 전환효소 결핍증 2형', '의학유전학센터', '소아내분비대사과', '의학유전학과', '', '', '', '', ''),
	('카르시노이드 증후군', '종양내과', '호흡기내과', '', '', '', '', '', ''),
	('카포시 육종', '방사선종양학과', '성형외과', '정형외과', '피부과', '암병원', '', '', ''),
	('칸디다성 구내염', '이비인후과', '', '', '', '', '', '', ''),
	('칸디다성 외음질염', '산부인과', '', '', '', '', '', '', ''),
	('칼만 증후군', '내분비내과', '신경외과', '의학유전학센터', '소아내분비대사과', '의학유전학과', '', '', ''),
	('캄필로박터 감염증', '감염내과', '', '', '', '', '', '', ''),
	('캐슬만병', '종양내과', '혈액내과', '', '', '', '', '', ''),
	('켈로이드', '성형외과', '피부과', '', '', '', '', '', ''),
	('코넬리아드랑게 증후군 ', '의학유전학센터', '의학유전학과', '', '', '', '', '', ''),
	('코로나-19', '감염내과', '호흡기내과', '', '', '', '', '', ''),
	('콜레라', '감염내과', '', '', '', '', '', '', ''),
	('콜린성 두드러기', '피부과', '알레르기내과', '', '', '', '', '', ''),
	('쿠싱 증후군', '내분비내과', '신경과', '신경외과', '', '', '', '', ''),
	('큐열', '감염내과', '', '', '', '', '', '', ''),
	('크로이츠펠트-야콥병', '신경과', '소아신경과', '', '', '', '', '', ''),
	('크론병', '소화기내과', '대장항문외과', '소아소화기영양과', '', '', '', '', ''),
	('크루존 증후군', '의학유전학센터', '의학유전학과', '', '', '', '', '', ''),
	('타석증', '이비인후과', '', '', '', '', '', '', ''),
	('타액선암', '종양내과', '방사선종양학과', '소아청소년종양혈액과', '이비인후과', '치과', '암병원', '', ''),
	('타카야수 혈관염', '심장내과', '혈관외과', '신경과', '류마티스내과', '', '', '', ''),
	('타코츠보 심근증', '심장내과', '', '', '', '', '', '', ''),
	('탄저병', '감염내과', '', '', '', '', '', '', ''),
	('탈락 피부염', '피부과', '', '', '', '', '', '', ''),
	('탈모증', '피부과', '', '', '', '', '', '', ''),
	('탈항', '소화기내과', '', '', '', '', '', '', ''),
	('태반 유착증', '산부인과', '', '', '', '', '', '', ''),
	('태반 조기 박리', '산부인과', '', '', '', '', '', '', ''),
	('태변 흡인 증후군', '신생아과', '', '', '', '', '', '', ''),
	('태아 알코올 증후군', '산부인과', '신생아과', '', '', '', '', '', ''),
	('터너 증후군 ', '의학유전학센터', '소아내분비대사과', '의학유전학과', '', '', '', '', ''),
	('턱관절 장애', '치과', '', '', '', '', '', '', ''),
	('턱관절 탈구', '치과', '', '', '', '', '', '', ''),
	('턱뼈 성장 이상', '성형외과', '치과', '', '', '', '', '', ''),
	('턱의 기타 낭증', '치과', '', '', '', '', '', '', ''),
	('털진드기병', '감염내과', '', '', '', '', '', '', ''),
	('테이-삭스병 ', '의학유전학센터', '의학유전학과', '', '', '', '', '', ''),
	('톡소플라즈마증', '감염내과', '', '', '', '', '', '', ''),
	('통풍', '류마티스내과', '', '', '', '', '', '', ''),
	('통풍성 관절염', '류마티스내과', '', '', '', '', '', '', ''),
	('퇴행성 척추 장애', '정형외과', '', '', '', '', '', '', ''),
	('트리처 콜린스 증후군 ', '성형외과', '의학유전학센터', '소아내분비대사과', '의학유전학과', '', '', '', ''),
	('트리코모나스증', '산부인과', '', '', '', '', '', '', ''),
	('특발성 폐섬유화증', '호흡기내과', '', '', '', '', '', '', ''),
	('티눈 및 굳은살', '피부과', '', '', '', '', '', '', ''),
	('틱 장애', '정신건강의학과', '소아정신건강의학과', '', '', '', '', '', ''),
	('파라인플루엔자 감염증', '감염내과', '', '', '', '', '', '', ''),
	('파라핀종', '성형외과', '', '', '', '', '', '', ''),
	('파브리병', '의학유전학센터', '소아내분비대사과', '의학유전학과', '', '', '', '', ''),
	('파상풍', '감염내과', '', '', '', '', '', '', ''),
	('파이퍼 증후군 ', '의학유전학센터', '의학유전학과', '', '', '', '', '', ''),
	('파종혈관내응고', '혈액내과', '', '', '', '', '', '', ''),
	('파킨슨병', '신경과', '', '', '', '', '', '', ''),
	('파타우 증후군', '의학유전학센터', '의학유전학과', '', '', '', '', '', ''),
	('팔로 사 징후', '소아청소년심장과', '소아심장외과', '선천성심장병센터', '', '', '', '', ''),
	('팔죽지 골절', '정형외과', '', '', '', '', '', '', ''),
	('패혈성 관절염', '감염내과', '정형외과', '소아정형외과', '', '', '', '', ''),
	('패혈증', '호흡기내과', '응급의학과', '중환자실', '소아중환자과', '', '', '', ''),
	('페닐케톤뇨증', '의학유전학센터', '소아내분비대사과', '의학유전학과', '', '', '', '', ''),
	('편도결석', '이비인후과', '', '', '', '', '', '', ''),
	('편도선염', '이비인후과', '', '', '', '', '', '', ''),
	('편도암', '종양내과', '방사선종양학과', '이비인후과', '암병원', '', '', '', ''),
	('편두통', '가정의학과', '신경과', '', '', '', '', '', ''),
	('편집성 인격장애', '정신건강의학과', '', '', '', '', '', '', ''),
	('편평 태선', '피부과', '', '', '', '', '', '', ''),
	('폐 농양', '호흡기내과', '', '', '', '', '', '', ''),
	('폐 전이', '종양내과', '호흡기내과', '방사선종양학과', '심장혈관흉부외과', '', '', '', ''),
	('폐 혈전색전증', '심장내과', '심장병원', '', '', '', '', '', ''),
	('폐결절', '호흡기내과', '', '', '', '', '', '', ''),
	('폐결핵', '호흡기내과', '소아천식아토피센터', '', '', '', '', '', ''),
	('폐경', '내분비내과', '산부인과', '', '', '', '', '', ''),
	('폐경기 및 여성의 갱년기 상태', '내분비내과', '산부인과', '', '', '', '', '', ''),
	('폐기종', '호흡기내과', '', '', '', '', '', '', ''),
	('폐렴', '노년내과', '호흡기내과', '소아천식아토피센터', '', '', '', '', ''),
	('폐렴간균에 의한 폐렴 ', '호흡기내과', '', '', '', '', '', '', ''),
	('폐부종', '호흡기내과', '', '', '', '', '', '', ''),
	('폐색성 혈전 혈관염 ', '혈관외과', '', '', '', '', '', '', ''),
	('폐성 고혈압', '심장내과', '소아청소년심장과', '심장병원', '', '', '', '', ''),
	('폐소공포증', '정신건강의학과', '', '', '', '', '', '', ''),
	('폐암', '종양내과', '호흡기내과', '방사선종양학과', '심장혈관흉부외과', '암병원', '', '', ''),
	('포경', '비뇨의학과', '', '', '', '', '', '', ''),
	('포도막염', '안과', '', '', '', '', '', '', ''),
	('포도상구균 감염', '감염내과', '소화기내과', '호흡기내과', '', '', '', '', ''),
	('포르피린증', '혈액내과', '', '', '', '', '', '', ''),
	('포상기태', '산부인과', '', '', '', '', '', '', ''),
	('폰빌레브란트병', '혈액내과', '', '', '', '', '', '', ''),
	('폼페병', '의학유전학센터', '소아내분비대사과', '의학유전학과', '', '', '', '', ''),
	('표피낭종', '성형외과', '피부과', '', '', '', '', '', ''),
	('풍진', '감염내과', '', '', '', '', '', '', ''),
	('프라더 윌리 증후군 ', '의학유전학센터', '소아내분비대사과', '의학유전학과', '', '', '', '', ''),
	('프로피온산증', '의학유전학센터', '소아내분비대사과', '소아신경과', '의학유전학과', '', '', '', ''),
	('피로 골절', '정형외과', '', '', '', '', '', '', ''),
	('피부 농양', '성형외과', '피부과', '', '', '', '', '', ''),
	('피부건조증', '피부과', '', '', '', '', '', '', ''),
	('피부근육염', '류마티스내과', '', '', '', '', '', '', ''),
	('피부섬유육종', '성형외과', '피부과', '', '', '', '', '', ''),
	('피부암', '종양내과', '방사선종양학과', '성형외과', '피부과', '피부암센터', '', '', ''),
	('피부염', '피부과', '', '', '', '', '', '', ''),
	('피부의 양성 종양', '성형외과', '피부과', '', '', '', '', '', ''),
	('피질하 경색과 백질뇌증을 동반하는 상염색체 우성 뇌동맥질환', '신경과', '의학유전학과', '', '', '', '', '', ''),
	('하지 정맥류', '혈관외과', '', '', '', '', '', '', ''),
	('하지불안증후군', '신경과', '정신건강의학과', '', '', '', '', '', ''),
	('한관종', '피부과', '', '', '', '', '', '', ''),
	('한랭 두드러기', '피부과', '알레르기내과', '', '', '', '', '', ''),
	('한랭글로불린혈증', '혈액내과', '', '', '', '', '', '', ''),
	('한선염', '성형외과', '피부과', '', '', '', '', '', ''),
	('한센병', '감염내과', '', '', '', '', '', '', ''),
	('함몰 유두', '성형외과', '', '', '', '', '', '', ''),
	('항문 누공', '소화기내과', '대장항문외과', '', '', '', '', '', ''),
	('항문 및 직장의 궤양', '소화기내과', '', '', '', '', '', '', ''),
	('항문 열구', '소화기내과', '대장항문외과', '', '', '', '', '', ''),
	('항문 주위 농양', '소화기내과', '대장항문외과', '', '', '', '', '', ''),
	('항문 폐쇄증', '소아외과', '', '', '', '', '', '', ''),
	('항문소양증', '소화기내과', '피부과', '대장항문외과', '', '', '', '', ''),
	('항문암', '종양내과', '방사선종양학과', '대장항문외과', '암병원', '', '', '', ''),
	('항인지질 항체 증후군', '감염내과', '내분비내과', '혈액내과', '', '', '', '', ''),
	('해리 장애', '정신건강의학과', '', '', '', '', '', '', ''),
	('해외여행 시 주의사항', '감염내과', '', '', '', '', '', '', ''),
	('핵황달', '어린이병원', '', '', '', '', '', '', ''),
	('행동 및 충동 장애', '정신건강의학과', '', '', '', '', '', '', ''),
	('허혈성 심질환', '심장내과', '심장병원', '', '', '', '', '', ''),
	('헌팅톤 병', '신경과', '의학유전학센터', '의학유전학과', '', '', '', '', ''),
	('헤노호 쉰라인 자반증', '신장내과', '소아신장과', '류마티스내과', '', '', '', '', ''),
	('헤르페스 바이러스 감염', '감염내과', '피부과', '', '', '', '', '', ''),
	('헬리코박터균 감염', '가정의학과', '소화기내과', '노년내과', '소아소화기영양과', '', '', '', ''),
	('현훈', '신경과', '이비인후과', '', '', '', '', '', ''),
	('혈관부종', '응급의학과', '피부과', '알레르기내과', '소아천식아토피센터', '', '', '', ''),
	('혈관성 치매', '신경과', '정신건강의학과', '', '', '', '', '', ''),
	('혈관염', '신장내과', '혈관외과', '류마티스내과', '', '', '', '', ''),
	('혈뇨', '신장내과', '비뇨의학과', '소아신장과', '', '', '', '', ''),
	('혈정액증', '비뇨의학과', '', '', '', '', '', '', ''),
	('협심증', '심장내과', '심장병원', '', '', '', '', '', ''),
	('호산구 증가증', '혈액내과', '알레르기내과', '', '', '', '', '', ''),
	('호중구감소증', '종양내과', '혈액내과', '소아청소년종양혈액과', '', '', '', '', ''),
	('호지킨 림프종', '종양내과', '혈액내과', '방사선종양학과', '소아청소년종양혈액과', '', '', '', ''),
	('호흡성 산증', '호흡기내과', '응급의학과', '', '', '', '', '', ''),
	('호흡성 알칼리증', '응급의학과', '', '', '', '', '', '', ''),
	('혼수', '신경외과', '응급의학과', '', '', '', '', '', ''),
	('홍역', '감염내과', '', '', '', '', '', '', ''),
	('홍채염', '안과', '소아안과', '', '', '', '', '', ''),
	('화농성 간농양', '감염내과', '소화기내과', '', '', '', '', '', ''),
	('화농성 안구내염', '안과', '', '', '', '', '', '', ''),
	('화상', '성형외과', '응급의학과', '피부과', '', '', '', '', ''),
	('화염상 모반', '피부과', '', '', '', '', '', '', ''),
	('황반변성', '안과', '', '', '', '', '', '', ''),
	('황반천공', '안과', '', '', '', '', '', '', ''),
	('황열', '감염내과', '', '', '', '', '', '', ''),
	('회음 괴저', '비뇨의학과', '산부인과', '', '', '', '', '', ''),
	('회음 열상', '산부인과', '', '', '', '', '', '', ''),
	('회전근개 증후군', '재활의학과', '정형외과', '', '', '', '', '', ''),
	('횡격막 탈장', '소아외과', '소아전문응급센터', '', '', '', '', '', ''),
	('횡단성 척수염', '신경과', '', '', '', '', '', '', ''),
	('횡문근육종', '종양내과', '방사선종양학과', '소아청소년종양혈액과', '정형외과', '', '', '', ''),
	('횡문근융해증', '신장내과', '', '', '', '', '', '', ''),
	('효모균증', '감염내과', '호흡기내과', '심장혈관흉부외과', '', '', '', '', ''),
	('후두 신경통', '마취통증의학과', '신경과', '', '', '', '', '', ''),
	('후두개염', '감염내과', '호흡기내과', '이비인후과', '', '', '', '', ''),
	('후두암', '종양내과', '방사선종양학과', '이비인후과', '암병원', '', '', '', ''),
	('후비루', '호흡기내과', '이비인후과', '알레르기내과', '', '', '', '', ''),
	('후종인대 골화증', '신경외과', '정형외과', '', '', '', '', '', ''),
	('후천성 면역결핍증', '감염내과', '', '', '', '', '', '', ''),
	('흉곽출구 증후군', '심장내과', '심장혈관흉부외과', '', '', '', '', '', ''),
	('흉막 삼출', '호흡기내과', '', '', '', '', '', '', ''),
	('흉부 대동맥류', '심장내과', '심장병원', '', '', '', '', '', ''),
	('흉선암', '종양내과', '방사선종양학과', '심장혈관흉부외과', '암병원', '', '', '', ''),
	('흉터', '성형외과', '피부과', '', '', '', '', '', ''),
	('흉통', '심장내과', '노년내과', '응급의학과', '심장병원', '', '', '', ''),
	('흑사병', '감염내과', '', '', '', '', '', '', ''),
	('흡수장애 증후군', '소화기내과', '', '', '', '', '', '', ''),
	('희발월경', '산부인과', '', '', '', '', '', '', ''),
	('히스토플라즈마증', '감염내과', '호흡기내과', '', '', '', '', '', '');

-- 테이블 swiftER.search_illnesses_per_symptom 구조 내보내기
CREATE TABLE IF NOT EXISTS `search_illnesses_per_symptom` (
  `symptom` varchar(255) NOT NULL,
  `illness` varchar(255) NOT NULL,
  PRIMARY KEY (`symptom`,`illness`),
  KEY `fk_search_illnesses_has_search_symtoms_search_symtoms1_idx` (`symptom`),
  KEY `fk_search_illnesses_has_search_symtoms_search_illnesses1_idx` (`illness`),
  CONSTRAINT `fk_search_illnesses_has_search_symtoms_search_illnesses1` FOREIGN KEY (`illness`) REFERENCES `search_illnesses` (`illness`) ON DELETE NO ACTION ON UPDATE NO ACTION,
  CONSTRAINT `fk_search_illnesses_has_search_symtoms_search_symtoms1` FOREIGN KEY (`symptom`) REFERENCES `search_symptoms` (`symptom`) ON DELETE NO ACTION ON UPDATE NO ACTION
) ENGINE=InnoDB DEFAULT CHARSET=utf8;

-- 테이블 데이터 swiftER.search_illnesses_per_symptom:~0 rows (대략적) 내보내기

-- 테이블 swiftER.search_symptoms 구조 내보내기
CREATE TABLE IF NOT EXISTS `search_symptoms` (
  `symptom` varchar(255) NOT NULL,
  `part1` int(11) NOT NULL,
  `part2a` int(11) NOT NULL,
  `part2b` varchar(45) DEFAULT NULL,
  `illness` varchar(255) NOT NULL,
  `illness2` varchar(255) DEFAULT NULL,
  `illness3` varchar(255) DEFAULT NULL,
  `illness4` varchar(255) DEFAULT NULL,
  `illness5` varchar(255) DEFAULT NULL,
  `illness6` varchar(255) DEFAULT NULL,
  `illness7` varchar(255) DEFAULT NULL,
  `illness8` varchar(255) DEFAULT NULL,
  `illness9` varchar(255) DEFAULT NULL,
  `illness10` varchar(255) DEFAULT NULL,
  `illness11` varchar(255) DEFAULT NULL,
  `illness12` varchar(255) DEFAULT NULL,
  `illness13` varchar(255) DEFAULT NULL,
  `illness14` varchar(255) DEFAULT NULL,
  `illness15` varchar(255) DEFAULT NULL,
  `illness16` varchar(255) DEFAULT NULL,
  `illness17` varchar(255) DEFAULT NULL,
  `illness18` varchar(255) DEFAULT NULL,
  `illness19` varchar(255) DEFAULT NULL,
  `illness20` varchar(255) DEFAULT NULL,
  `illness21` varchar(255) DEFAULT NULL,
  `illness22` varchar(255) DEFAULT NULL,
  `illness23` varchar(255) DEFAULT NULL,
  PRIMARY KEY (`symptom`)
) ENGINE=InnoDB DEFAULT CHARSET=utf8;

-- 테이블 데이터 swiftER.search_symptoms:~767 rows (대략적) 내보내기
INSERT INTO `search_symptoms` (`symptom`, `part1`, `part2a`, `part2b`, `illness`, `illness2`, `illness3`, `illness4`, `illness5`, `illness6`, `illness7`, `illness8`, `illness9`, `illness10`, `illness11`, `illness12`, `illness13`, `illness14`, `illness15`, `illness16`, `illness17`, `illness18`, `illness19`, `illness20`, `illness21`, `illness22`, `illness23`) VALUES
	('4/5번째 손가락 굽음', 20, 23, '', '러셀 실버 증후군 ', '', '', '', '', '', '', '', '', '', '', '', '', '', '', '', '', '', '', '', '', '', ''),
	('O자 다리', 20, 25, '', '구루병', '내반슬', '연골무형성증', '', '', '', '', '', '', '', '', '', '', '', '', '', '', '', '', '', '', '', ''),
	('X자 다리', 20, 25, '', '외반슬', '', '', '', '', '', '', '', '', '', '', '', '', '', '', '', '', '', '', '', '', '', ''),
	('가늘어지는 팔다리', 20, 21, '22', '니만-피크병', '쿠싱 증후군', '', '', '', '', '', '', '', '', '', '', '', '', '', '', '', '', '', '', '', '', ''),
	('가래', 10, 16, '', 'RS바이러스 감염증', '객혈', '결핵', '규폐증', '급성 기관지염', '기관지확장증', '늑막염', '대동맥판막 기능부전 ', '대동맥판막 협착 ', '만성 기관지염', '만성 폐쇄성 폐질환', '만성 폐질환', '미만성 간질성 폐질환', '병원 감염성 폐렴', '속립성 결핵', '승모판 기능부전 ', '승모판 협착 ', '신증후군', '지역사회성 폐렴', '천식', '코로나-19', '파라인플루엔자 감염증', '폐결핵'),
	('가슴 답답', 30, 35, '', '공황 장애', '농흉', '늑막염', '만성 위염', '신체형 장애', '심방 세동', '오래된 심근경색증', '음식 알레르기', '종격동염', '천식', '폐기종', '', '', '', '', '', '', '', '', '', '', '', ''),
	('가슴 두근거림', 30, 35, '', '갈색세포종', '고혈압 ', '공황 장애', '과호흡 증후군', '길랑-바레 증후군', '동기능 부전 증후군', '발살바동 동맥류 파열', '발작성 상심실성 빈맥', '범혈구감소증', '부르가다 증후군', '부신 종양', '부정맥', '분리 불안 장애', '불안 장애', '비정상적 자궁/ 질 출혈', '수정대혈관 전위', '신체형 장애', '심계항진', '심근병증', '심방 세동', '심방 조동', '심실 빈맥', '심실 세동'),
	('가슴 쓰림', 30, 34, '', '바렛 식도', '소화불량', '신체형 장애', '십이지장 궤양', '십이지장염', '오래된 심근경색증', '위궤양', '위식도 역류성 질환', '협심증', '', '', '', '', '', '', '', '', '', '', '', '', '', ''),
	('가슴 통증', 30, 35, '', '공기가슴증', '공황 장애', '급성 관동맥 증후군', '급성 심근경색증', '농흉', '늑막염', '대동맥 협착', '대동맥류', '대동맥판막 기능부전 ', '대동맥판막 협착 ', '동기능 부전 증후군', '라싸열', '바렛 식도', '발살바동 동맥류 파열', '병원 감염성 폐렴', '불안정형 협심증', '비소세포성 폐암', '상대정맥 증후군', '소적혈구빈혈', '승모판 협착 ', '식도이완불능증', '심계항진', '심근염'),
	('각막 위로 결막 침범', 10, 11, '', '익상편', '', '', '', '', '', '', '', '', '', '', '', '', '', '', '', '', '', '', '', '', '', ''),
	('각막 이상', 10, 11, '', '슬라이 증후군', '알포트 증후군', '파브리병', '', '', '', '', '', '', '', '', '', '', '', '', '', '', '', '', '', '', '', ''),
	('각질이 딱딱해짐', 30, 33, '', '티눈 및 굳은살', '', '', '', '', '', '', '', '', '', '', '', '', '', '', '', '', '', '', '', '', '', ''),
	('간기능 저하', 30, 37, '', '윌슨병', '', '', '', '', '', '', '', '', '', '', '', '', '', '', '', '', '', '', '', '', '', ''),
	('간부전', 30, 37, '', 'Rh 부적합 임신', '간염', '렙토스피라증', '윌슨병', '카르니틴 팔미토일 전환효소 결핍증 2형', '', '', '', '', '', '', '', '', '', '', '', '', '', '', '', '', '', ''),
	('간비대', 30, 37, '', 'Rh 부적합 임신', '간농양', '간디스토마', '급성림프모구백혈병', '니만-피크병', '만성골수백혈병', '만성림프구백혈병', '발작성야간혈색뇨', '백혈병', '버드 키아리 신드롬', '베크위트-위드만 증후군', '산필리포 증후군', '선천성 담관 폐쇄증', '소적혈구빈혈', '슬라이 증후군', '신생아 답즙정체증', '아밀로이드증', '온전한 심실 중격을 가진 폐동맥 폐쇄', '용혈성 요독 증후군', '원발성 담즙성 경화증', '유전구형적혈구증', '자가면역용혈질환', '지중해빈혈'),
	('간성뇌증', 10, 17, '', '간염', '사이트린 결핍', '알코올성 간질환', '윌슨병', '전격성 간염', '', '', '', '', '', '', '', '', '', '', '', '', '', '', '', '', '', ''),
	('갈색 피부 반점', 30, 33, '', '색소 세포성 모반', '신경섬유종', '어루러기', '쥐젖', '카포시 육종', '피부섬유육종', '피부암', '피부의 양성 종양', '', '', '', '', '', '', '', '', '', '', '', '', '', '', ''),
	('갈증', 10, 13, '', '고나트륨혈증', '요붕증', '인슐린 비의존성 당뇨병', '', '', '', '', '', '', '', '', '', '', '', '', '', '', '', '', '', '', '', ''),
	('갈퀴족지', 20, 23, '', '요족', '', '', '', '', '', '', '', '', '', '', '', '', '', '', '', '', '', '', '', '', '', ''),
	('감각 과민', 10, 17, '', '사이트린 결핍', '아스퍼거 증후군', '외상에 의한 뇌 손상', '', '', '', '', '', '', '', '', '', '', '', '', '', '', '', '', '', '', '', ''),
	('감각 이상', 10, 17, '', '경동맥 협착증', '경추 추간판 탈출증', '공황 장애', '구강암', '길랑-바레 증후군', '내연골종', '뇌동맥 폐쇄', '뇌종양', '다발성 경화증', '당뇨병성 족부 질환', '만성 신부전', '모야모야병', '병리적 골절', '삼차 신경병증', '섬망', '손목 수근관 증후군', '신경근병증', '아밀로이드증', '안면 골절', '안와 골절', '요추 추간판 탈출증', '일과성 뇌허혈증', '일본 뇌염'),
	('감기 증상', 10, 12, '16', '급성 A형 간염', '급성 바이러스성 간염', '박테리아성 뇌수막염', '생식선 및 생식 세포의 신생물', '심근염', '지역사회성 폐렴', '처그 스트라우스 증후군', '탄저병', '', '', '', '', '', '', '', '', '', '', '', '', '', '', ''),
	('감정 변화', 50, 51, '', '간성 뇌증', '기억상실증', '섬망', '성인 주의력 결핍 과잉행동장애', '소아청소년기 우울증', '수막종', '아스퍼거 증후군', '알츠하이머병', '치매', '폐경', '', '', '', '', '', '', '', '', '', '', '', '', ''),
	('갑상선 비대', 10, 16, '', '갑상선 결절', '갑상선염', '갑상선중독증', '', '', '', '', '', '', '', '', '', '', '', '', '', '', '', '', '', '', '', ''),
	('갑상선이 단단해짐', 10, 16, '', '갑상선 결절', '갑상선암', '갑상선염', '', '', '', '', '', '', '', '', '', '', '', '', '', '', '', '', '', '', '', ''),
	('강박증', 50, 51, '', '인터넷 중독', '', '', '', '', '', '', '', '', '', '', '', '', '', '', '', '', '', '', '', '', '', ''),
	('개 폐구 장애', 10, 13, '', '안면 골절', '턱관절 장애', '턱관절 탈구', '', '', '', '', '', '', '', '', '', '', '', '', '', '', '', '', '', '', '', ''),
	('객혈', 10, 13, '', '객혈', '결핵', '기관지확장증', '낭종성 폐질환', '노카르디아증', '만성 기관지염', '만성 폐질환', '메리오이드증', '비소세포성 폐암', '소세포성 폐암', '속립성 결핵', '아스페르길루스증', '톡소플라즈마증', '폐 전이', '폐 혈전색전증', '폐결핵', '폐렴간균에 의한 폐렴 ', '폐부종', '폐암', '후두암', '흑사병', '', ''),
	('거대자궁', 40, 42, '', '포상기태', '', '', '', '', '', '', '', '', '', '', '', '', '', '', '', '', '', '', '', '', '', ''),
	('거짓 증상 호소', 50, 51, '', '뮌하우젠 증후군', '', '', '', '', '', '', '', '', '', '', '', '', '', '', '', '', '', '', '', '', '', ''),
	('거칠어진 피부', 30, 33, '', '불면증 ', '', '', '', '', '', '', '', '', '', '', '', '', '', '', '', '', '', '', '', '', '', ''),
	('거품이 섞인 가래', 10, 13, '', '객혈', '', '', '', '', '', '', '', '', '', '', '', '', '', '', '', '', '', '', '', '', '', ''),
	('거품있는 소변', 40, 43, '', '단세포군감마글로불린병증', '신증후군', '', '', '', '', '', '', '', '', '', '', '', '', '', '', '', '', '', '', '', '', ''),
	('건망증', 50, 51, '', '기억상실증', '성인 주의력 결핍 과잉행동장애', '저체온증', '치매', '크로이츠펠트-야콥병', '폐경', '', '', '', '', '', '', '', '', '', '', '', '', '', '', '', '', ''),
	('걸핏하면 눈물지음', 50, 51, '', '적응 장애', '', '', '', '', '', '', '', '', '', '', '', '', '', '', '', '', '', '', '', '', '', ''),
	('검붉은 색 피부', 30, 33, '', '파브리병', '흉터', '', '', '', '', '', '', '', '', '', '', '', '', '', '', '', '', '', '', '', '', ''),
	('검은 점', 30, 33, '', '사마귀', '색소 세포성 모반', '', '', '', '', '', '', '', '', '', '', '', '', '', '', '', '', '', '', '', '', ''),
	('검은색 가래', 10, 13, '', '진폐증', '', '', '', '', '', '', '', '', '', '', '', '', '', '', '', '', '', '', '', '', '', ''),
	('겨드랑이 멍울', 30, 35, '', '유방암', '', '', '', '', '', '', '', '', '', '', '', '', '', '', '', '', '', '', '', '', '', ''),
	('겨드랑이 악취', 20, 21, '', '국소 다한증', '취한증', '', '', '', '', '', '', '', '', '', '', '', '', '', '', '', '', '', '', '', '', ''),
	('격동적 움직임', 20, 26, '', '발작', '', '', '', '', '', '', '', '', '', '', '', '', '', '', '', '', '', '', '', '', '', ''),
	('결막염', 10, 11, '', '라싸열', '백일해', '스티븐 존슨 증후군', '', '', '', '', '', '', '', '', '', '', '', '', '', '', '', '', '', '', '', ''),
	('결절', 30, 33, '', '갑상선암', '결절성 경화증 ', '급성 류마티스성 열', '기저세포 암종', '사마귀', '여드름', '음경암', '인유두종 바이러스 감염증', '편평 태선', '피부섬유육종', '피부암', '한선염', '한센병', '', '', '', '', '', '', '', '', '', ''),
	('경련', 20, 26, '', '결절성 경화증 ', '급성 신부전', '납 중독', '뇌농양', '뇌동맥 폐쇄', '뇌염', '뇌전증', '니만-피크병', '로하드 증후군', '바이러스성 뇌수막염', '박테리아성 뇌수막염', '생식선 및 생식 세포의 신생물', '쇼그렌 증후군', '스핑고 지질증', '신동맥 협착증', '신생아 다혈구증', '외상에 의한 뇌 손상', '요붕증', '일본 뇌염', '저혈당증', '지주막하 출혈', '파종혈관내응고', '페닐케톤뇨증'),
	('경부 강직', 10, 16, '', '뇌염', '바이러스성 뇌수막염', '박테리아성 뇌수막염', '지주막하 출혈', '효모균증', '', '', '', '', '', '', '', '', '', '', '', '', '', '', '', '', '', ''),
	('경부 림프절병증', 10, 16, '', '가와사키병', '기쿠치병', '만성림프구백혈병', '면역결핍증', '타액선암', '털진드기병', '호지킨 림프종', '후두암', '', '', '', '', '', '', '', '', '', '', '', '', '', '', ''),
	('경부 운동 제한', 10, 16, '', '루드비히 안자이나 ', '', '', '', '', '', '', '', '', '', '', '', '', '', '', '', '', '', '', '', '', '', ''),
	('경정맥 확장', 10, 16, '', '복수', '상대정맥 증후군', '심낭 압전', '', '', '', '', '', '', '', '', '', '', '', '', '', '', '', '', '', '', '', ''),
	('경직', 20, 26, '', '파킨슨병', '호흡성 알칼리증', '횡문근융해증', '', '', '', '', '', '', '', '', '', '', '', '', '', '', '', '', '', '', '', ''),
	('고름', 30, 33, '', '건선', '결핵성 임파선염', '귀두포피염', '급성 중이염', '농가진', '눈물흘림증', '만성 치주염', '모낭염', '안검염', '여드름', '임파선염', '조갑주위염', '치조골염', '치주 농양', '피부 농양', '한선염', '항문 누공', '항문 주위 농양', '항문암', '', '', '', ''),
	('고막 충혈', 10, 14, '', '파라인플루엔자 감염증', '', '', '', '', '', '', '', '', '', '', '', '', '', '', '', '', '', '', '', '', '', ''),
	('고막에 수포형성', 10, 14, '', '고막염', '', '', '', '', '', '', '', '', '', '', '', '', '', '', '', '', '', '', '', '', '', ''),
	('고음에서의 분열', 10, 16, '', '성대와 후두 결절', '성대와 후두 용종', '', '', '', '', '', '', '', '', '', '', '', '', '', '', '', '', '', '', '', '', ''),
	('고정된 믿음', 50, 51, '', '망상 장애', '', '', '', '', '', '', '', '', '', '', '', '', '', '', '', '', '', '', '', '', '', ''),
	('고탄산증', 30, 32, '', '기관지폐 형성이상', '', '', '', '', '', '', '', '', '', '', '', '', '', '', '', '', '', '', '', '', '', ''),
	('고혈압', 30, 31, '', '갈색세포종', '금단 현상', '급성 간질성 신염', '뇌하수체 기능 항진', '대동맥 협착증', '만성 신부전', '면역글로불린 A 신병증', '본히펠린다우 증후군 ', '부신 종양', '부신암', '비만', '신경절 신경종', '신동맥 협착증', '용혈성 요독 증후군', '윌름즈 종양', '임신성 고혈압', '자간증', '자발성 두개강 내 출혈', '전이성 신장암', '쿠싱 증후군', '터너 증후군 ', '', ''),
	('고환 불쾌감', 40, 45, '', '고환 종양', '', '', '', '', '', '', '', '', '', '', '', '', '', '', '', '', '', '', '', '', '', ''),
	('고환 위축', 40, 45, '', '척수구근 근위축증 ', '', '', '', '', '', '', '', '', '', '', '', '', '', '', '', '', '', '', '', '', '', ''),
	('고환에 낭이 만져짐', 40, 45, '', '고환 종양', '음낭수종', '', '', '', '', '', '', '', '', '', '', '', '', '', '', '', '', '', '', '', '', ''),
	('곤봉지', 20, 23, '', '기관지확장증', '만성 폐쇄성 폐질환', '미만성 간질성 폐질환', '특발성 폐섬유화증', '', '', '', '', '', '', '', '', '', '', '', '', '', '', '', '', '', '', ''),
	('골다공증', 20, 25, '', '노화', '뇌하수체 기능부전', '다발골수종', '부갑상선기능항진증', '부갑상선암', '쿠싱 증후군', '크론병', '터너 증후군 ', '폐경기 및 여성의 갱년기 상태', '', '', '', '', '', '', '', '', '', '', '', '', '', ''),
	('골반 통증', 40, 46, '', '강직성 척추염', '고환의 염전', '골반 염증성 질환', '급성 방광염', '난관수종', '난소 낭종', '난소암', '난소의 양성 종양', '대퇴골두 무혈관성 괴사', '만성 전립선염', '방광암', '변형성 고관절증', '서혜부 탈장', '습관성 유산', '요근 농양', '일과성 고관절 활액막염', '자궁 상피 내 암종', '자궁경관무력증', '자궁경부암', '자궁경부염', '자궁내막암', '자궁내막증', '자궁선근증'),
	('골절', 20, 25, '', '골다공증', '', '', '', '', '', '', '', '', '', '', '', '', '', '', '', '', '', '', '', '', '', ''),
	('공복감', 30, 37, '', '저혈당증', '', '', '', '', '', '', '', '', '', '', '', '', '', '', '', '', '', '', '', '', '', ''),
	('과호흡', 30, 32, '', '저체온증', '', '', '', '', '', '', '', '', '', '', '', '', '', '', '', '', '', '', '', '', '', ''),
	('관음증', 50, 51, '', '성도착증', '', '', '', '', '', '', '', '', '', '', '', '', '', '', '', '', '', '', '', '', '', ''),
	('관절 구축', 20, 25, '', 'ARC 증후군', '근육병', '', '', '', '', '', '', '', '', '', '', '', '', '', '', '', '', '', '', '', '', ''),
	('관절 불안정증', 20, 25, '', '반월판 연골손상', '십자 인대 손상', '엘러스-단로스 증후군 ', '염좌', '', '', '', '', '', '', '', '', '', '', '', '', '', '', '', '', '', '', ''),
	('관절 운동성 감소', 20, 25, '', '골관절염', '골괴사', '무릎관절증', '반달연골 이상', '베이커 낭종', '변형성 고관절증', '복합 부위 통증 증후군', '소아 류마티스 관절염', '연골연화증', '염좌', '원판형 반월상연골', '육종', '이소성 골화증', '일과성 고관절 활액막염', '재발성 견관절 전방 탈구', '점액낭염', '패혈성 관절염', '', '', '', '', '', ''),
	('관절염', 20, 25, '', '베게너 육아종증', '봉와직염', '비만', '쇼그렌 증후군', '자가면역성 간염', '전신 경화증', '전신 홍반성 낭창', '크론병', '통풍성 관절염', '패혈성 관절염', '한랭글로불린혈증', '', '', '', '', '', '', '', '', '', '', '', ''),
	('관절의 경직', 20, 25, '', '강직성 척추염', '골관절염', '내상과염', '류마티스 관절염', '반월판 연골손상', '베이커 낭종', '소아 류마티스 관절염', '퇴행성 척추 장애', '', '', '', '', '', '', '', '', '', '', '', '', '', '', ''),
	('관절잡음', 20, 25, '', '무릎관절증', '반월판 연골손상', '방아쇠 수지', '슬개건염', '십자 인대 손상', '원판형 반월상연골', '턱관절 장애', '', '', '', '', '', '', '', '', '', '', '', '', '', '', '', ''),
	('관절통', 20, 26, '', '간염', '강직성 척추염', '결절성 다발동맥염', '결핵성 골수염', '골관절염', '골다공증', '급성 간질성 신염', '급성 바이러스성 간염', '기쿠치병', '뎅기열', '독성 간염', '라임병', '류마티스 관절염', '만성 B형 간염', '반월판 연골손상', '비만', '산후 갑상선염', '성인형 스틸병', '소아 류마티스 관절염', '아밀로이드증', '약물 알레르기', '연골연화증', '염좌'),
	('괄약근 기능 이상', 40, 44, '', '신경초종', '횡단성 척수염', '', '', '', '', '', '', '', '', '', '', '', '', '', '', '', '', '', '', '', '', ''),
	('광과민성', 10, 11, '', '얼렌 증후군', '전신 홍반성 낭창', '포도막염', '포르피린증', '', '', '', '', '', '', '', '', '', '', '', '', '', '', '', '', '', '', ''),
	('광대뼈 위치 이상', 10, 15, '', '두개 유합증', '안면 비대칭', '', '', '', '', '', '', '', '', '', '', '', '', '', '', '', '', '', '', '', '', ''),
	('광시증', 10, 11, '', '당뇨망막병증', '망막 박리', '맥락막 흑색종', '', '', '', '', '', '', '', '', '', '', '', '', '', '', '', '', '', '', '', ''),
	('괴사', 30, 33, '', '당뇨병성 족부 질환', '동맥색전증 및 혈전증', '봉와직염', '비브리오 패혈증', '욕창 ', '파라핀종', '', '', '', '', '', '', '', '', '', '', '', '', '', '', '', '', ''),
	('구각염', 10, 13, '', '철결핍빈혈', '', '', '', '', '', '', '', '', '', '', '', '', '', '', '', '', '', '', '', '', '', ''),
	('구강건조', 10, 13, '', '당뇨병성 케톤산증 ', '쇼그렌 증후군', '신체형 장애', '요붕증', '', '', '', '', '', '', '', '', '', '', '', '', '', '', '', '', '', '', ''),
	('구강궤양', 10, 13, '', '구강암', '베체트 병', '순수적혈구무형성', '재생불량빈혈', '전신 홍반성 낭창', '편평 태선', '', '', '', '', '', '', '', '', '', '', '', '', '', '', '', '', ''),
	('구강호흡', 10, 13, '', '당뇨병성 케톤산증 ', '비중격 만곡', '아데노이드의 비대를 동반한 편도의 비대', '', '', '', '', '', '', '', '', '', '', '', '', '', '', '', '', '', '', '', ''),
	('구내염', 10, 13, '', '호중구감소증', '', '', '', '', '', '', '', '', '', '', '', '', '', '', '', '', '', '', '', '', '', ''),
	('구취', 10, 13, '', '만성 치주염', '설소대 단축증', '치은염', '치조골염', '칸디다성 구내염', '편도결석', '', '', '', '', '', '', '', '', '', '', '', '', '', '', '', '', ''),
	('구토', 30, 34, '', '간농양', '간염', '간의 양성 신생물', '고마그네슘혈증', '고산병', '고칼륨혈증', '고칼슘혈증', '고환의 염전', '광견병', '교모세포종', '급성 A형 간염', '급성 B형 간염', '급성 담낭염', '급성 바이러스성 간염', '급성 신부전', '급성 신우신염', '급성 심근경색증', '급성 위장염', '급성 충수염', '급성 췌장염', '납 중독', '노로바이러스 장염', '뇌농양'),
	('굳은 살', 20, 23, '', '망치족지', '소건막류', '', '', '', '', '', '', '', '', '', '', '', '', '', '', '', '', '', '', '', '', ''),
	('굽은 등', 30, 36, '', 'VDT 증후군', '구루병', '노인성 척추후만증', '척수수막류', '척추측만증', '', '', '', '', '', '', '', '', '', '', '', '', '', '', '', '', '', ''),
	('권리를 강하게 주장', 50, 51, '', '편집성 인격장애', '', '', '', '', '', '', '', '', '', '', '', '', '', '', '', '', '', '', '', '', '', ''),
	('권태감', 50, 51, '', '각기병', '감염성 홍반', '결핵성 복막염', '골수염', '괴혈병', '급성 A형 간염', '급성 B형 간염', '급성 바이러스성 간염', '납 중독', '냉방병', '노로바이러스 장염', '뇌하수체 기능 항진', '늑막염', '대사성 산증', '레지오넬라증', '마버그열', '만성 부비동염', '만성 위염', '만성 피로 증후군', '메리오이드증', '발진열', '발진티푸스', '부비동염'),
	('궤양', 30, 33, '', '거대세포 바이러스 질환', '레이노병', '안검염', '유방 파제트병 ', '', '', '', '', '', '', '', '', '', '', '', '', '', '', '', '', '', '', ''),
	('귀 모양의 변형', 10, 14, '', '4번 염색체 단완결실 증후군', 'XXX 증후군', '베크위트-위드만 증후군', '소이증', '', '', '', '', '', '', '', '', '', '', '', '', '', '', '', '', '', '', ''),
	('귀 상부가 두피에 매몰됨', 10, 14, '', '매몰귀', '', '', '', '', '', '', '', '', '', '', '', '', '', '', '', '', '', '', '', '', '', ''),
	('귀두가 울혈됨', 40, 45, '', '감돈포경', '고관절 이형성증', '', '', '', '', '', '', '', '', '', '', '', '', '', '', '', '', '', '', '', '', ''),
	('귀에서 냄새가 남', 10, 14, '', '만성 중이염', '', '', '', '', '', '', '', '', '', '', '', '', '', '', '', '', '', '', '', '', '', ''),
	('귀의 통증', 10, 14, '', '급성 중이염', '난청', '만성 중이염', '외이도염', '유행성 이하선염', '이루증', '편도결석', '', '', '', '', '', '', '', '', '', '', '', '', '', '', '', ''),
	('근골격계 이상', 20, 25, '', '척수근육위축', '척추측만증', '', '', '', '', '', '', '', '', '', '', '', '', '', '', '', '', '', '', '', '', ''),
	('근긴장의 이상', 20, 26, '', '18번 염색체 장완결실 증후군 ', 'ARC 증후군', '골형성부전증', '뇌성 마비', '니만-피크병', '러셀 실버 증후군 ', '선천성 갑상선기능저하증', '스미스-마제니스 증후군 ', '엔젤만 증후군', '척수구근 근위축증 ', '척수근육위축', '태변 흡인 증후군', '테이-삭스병 ', '프라더 윌리 증후군 ', '', '', '', '', '', '', '', '', ''),
	('근력 약화', 20, 26, '', '각기병', '거대적혈모구빈혈', '고마그네슘혈증', '근감소증', '근위축성 측색 경화증', '근육병', '노쇠', '뇌하수체 기능부전', '니만-피크병', '대사성 알칼리증', '베커형 근이영양증', '복합 부위 통증 증후군', '부갑상선기능항진증', '부신 종양', '성선기능저하증', '쇼그렌 증후군', '신경근병증', '신경절 신경종', '운동신경 질환', '중증 근무력증', '척수공동증', '척수병증', '척추 종양'),
	('근시', 10, 11, '', '각막 부종', '스티클러 증후군', '', '', '', '', '', '', '', '', '', '', '', '', '', '', '', '', '', '', '', '', ''),
	('근위축', 20, 26, '', '건초염', '근육병', '베커형 근이영양증', '부신암', '', '', '', '', '', '', '', '', '', '', '', '', '', '', '', '', '', '', ''),
	('근육강직', 20, 26, '', '광견병', '근육긴장이상증', '대사성 알칼리증', '댄디워커 증후군', '병리적 골절', '부갑상선기능저하증', '비정형 파킨슨 증후군', '악성 고열증', '이차성 파킨슨증', '저마그네슘혈증', '저체온증', '카르니틴 팔미토일 전환효소 결핍증 2형', '파상풍', '팔죽지 골절', '핵황달', '', '', '', '', '', '', '', ''),
	('근육경련', 20, 26, '', '결핵성 골수염', '근육긴장이상증', '근육병', '복합 부위 통증 증후군', '부갑상선기능저하증', '운동신경 질환', '저마그네슘혈증', '저칼슘혈증', '크로이츠펠트-야콥병', '', '', '', '', '', '', '', '', '', '', '', '', '', ''),
	('근육긴장', 20, 26, '', '근육긴장이상증', '불안 장애', '신생아 경련', '', '', '', '', '', '', '', '', '', '', '', '', '', '', '', '', '', '', '', ''),
	('근육마비', 20, 26, '', '보툴리눔독소증', '척추 종양', '', '', '', '', '', '', '', '', '', '', '', '', '', '', '', '', '', '', '', '', ''),
	('근육의 뒤틀림', 20, 26, '', '근육긴장이상증', '', '', '', '', '', '', '', '', '', '', '', '', '', '', '', '', '', '', '', '', '', ''),
	('근육통', 20, 26, '', '간염', '갑상선기능저하증', '결절성 다발동맥염', '근근막 통증 증후군', '급성 B형 간염', '급성 C형 간염', '급성 바이러스성 간염', '급성 신우신염', '노로바이러스 장염', '뎅기열', '라싸열', '라임병', '레지오넬라증', '렙토스피라증', '리스테리아', '마버그열', '메리오이드증', '발진열', '발진티푸스', '베게너 육아종증', '병원 감염성 폐렴', '봉와직염', '부갑상선기능항진증'),
	('글자가 휘어져보임', 10, 11, '', '황반변성', '', '', '', '', '', '', '', '', '', '', '', '', '', '', '', '', '', '', '', '', '', ''),
	('금단증상', 50, 51, '', '알코올 의존성', '', '', '', '', '', '', '', '', '', '', '', '', '', '', '', '', '', '', '', '', '', ''),
	('급성 신부전', 30, 38, '', '선천성 심장 질환', '전격성 간염', '중동 호흡기 증후군', '', '', '', '', '', '', '', '', '', '', '', '', '', '', '', '', '', '', '', ''),
	('기민상태', 50, 51, '', '라이 증후군', '신생아 괴사성 장염', '신생아 다혈구증', '', '', '', '', '', '', '', '', '', '', '', '', '', '', '', '', '', '', '', ''),
	('기억장애', 50, 51, '', '거대적혈모구빈혈', '경미한 인지장애', '광우병', '기억상실증', '노쇠', '만성 피로 증후군', '베르니케 코시코프 증후군', '비중격 만곡', '쇼그렌 증후군', '수두증', '아밀로이드증', '악성 신경교종', '알츠하이머병', '외상성 치매 ', '외상에 의한 뇌 손상', '자가면역 질환', '잠금 증후군', '점액수종 혼수', '진주종', '치매', '해리 장애', '', ''),
	('기침', 10, 16, '', 'RS바이러스 감염증', '가습기 살균제 연관 폐질환', '가와사키병', '결핵', '규폐증', '급성 기관지염', '기관지확장증', '꽃가루 알레르기', '낭종성 폐질환', '노카르디아증', '농흉', '늑막염', '대동맥판막 기능부전 ', '대동맥판막 협착 ', '디프테리아', '레지오넬라증', '마버그열', '만성 기관지염', '만성 기침', '만성 비염', '만성 폐쇄성 폐질환', '만성 폐질환', '메리오이드증'),
	('긴박뇨', 40, 43, '', '간질성 방광염', '급성 방광염', '만성 전립선염', '방광암', '배뇨통', '양성 전립선 비대증', '요로 감염', '요실금', '', '', '', '', '', '', '', '', '', '', '', '', '', '', ''),
	('긴장', 50, 51, '', '발모벽', '병적 방화', '편집성 인격장애', '', '', '', '', '', '', '', '', '', '', '', '', '', '', '', '', '', '', '', ''),
	('깨어나면 기억하지 못함', 50, 51, '', '수면보행증', '', '', '', '', '', '', '', '', '', '', '', '', '', '', '', '', '', '', '', '', '', ''),
	('나쁜 품행', 50, 51, '', '반사회성 인격장애', '', '', '', '', '', '', '', '', '', '', '', '', '', '', '', '', '', '', '', '', '', ''),
	('난청', 10, 14, '', '거대세포 바이러스 질환', '대뇌성 거인증 ', '미로염', '비인두 종양', '삼출성 중이염', '알포트 증후군', '차지 증후군', '트리처 콜린스 증후군 ', '', '', '', '', '', '', '', '', '', '', '', '', '', '', ''),
	('남성스러운 목소리', 10, 16, '', '부신 종양', '선천성 부신과다 형성증', '', '', '', '', '', '', '', '', '', '', '', '', '', '', '', '', '', '', '', '', ''),
	('남성의 여성형 유방', 30, 35, '', '부신 종양', '안드로겐 불감성 증후군 ', '척수구근 근위축증 ', '탈락 피부염', '', '', '', '', '', '', '', '', '', '', '', '', '', '', '', '', '', '', ''),
	('낭종', 30, 33, '', '여드름', '피부의 양성 종양', '', '', '', '', '', '', '', '', '', '', '', '', '', '', '', '', '', '', '', '', ''),
	('낮 시간대의 졸음', 50, 51, '', '기면증', '수면 장애', '원충성 질환', '춘곤증', '', '', '', '', '', '', '', '', '', '', '', '', '', '', '', '', '', '', ''),
	('낮은 자존감', 50, 51, '', '기분부전증', '성도착증', '성인 주의력 결핍 과잉행동장애', '', '', '', '', '', '', '', '', '', '', '', '', '', '', '', '', '', '', '', ''),
	('낮은 지능', 10, 17, '', '니만-피크병', '반응성 애착장애', '행동 및 충동 장애', '', '', '', '', '', '', '', '', '', '', '', '', '', '', '', '', '', '', '', ''),
	('노란 이물질', 30, 33, '', '편도결석', '표피낭종', '', '', '', '', '', '', '', '', '', '', '', '', '', '', '', '', '', '', '', '', ''),
	('노출증', 50, 51, '', '성도착증', '', '', '', '', '', '', '', '', '', '', '', '', '', '', '', '', '', '', '', '', '', ''),
	('놀람반사의 약화', 10, 17, '', '신생아 황달', '', '', '', '', '', '', '', '', '', '', '', '', '', '', '', '', '', '', '', '', '', ''),
	('농신증', 30, 38, '', '선천성 수신증', '', '', '', '', '', '', '', '', '', '', '', '', '', '', '', '', '', '', '', '', '', ''),
	('높아진 자존심', 50, 51, '', '양극성 장애', '', '', '', '', '', '', '', '', '', '', '', '', '', '', '', '', '', '', '', '', '', ''),
	('뇌부종', 10, 17, '', '전격성 간염', '', '', '', '', '', '', '', '', '', '', '', '', '', '', '', '', '', '', '', '', '', ''),
	('뇌수종', 10, 17, '', '척수수막류', '', '', '', '', '', '', '', '', '', '', '', '', '', '', '', '', '', '', '', '', '', ''),
	('뇌압상승증상', 10, 17, '', '두통', '생식선 및 생식 세포의 신생물', '잠금 증후군', '', '', '', '', '', '', '', '', '', '', '', '', '', '', '', '', '', '', '', ''),
	('뇌염증상', 10, 17, '', '광견병', '라싸열', '', '', '', '', '', '', '', '', '', '', '', '', '', '', '', '', '', '', '', '', ''),
	('뇌전증 발작', 10, 17, '', 'Haw River 증후군', '광견병', '교모세포종', '뇌 동정맥 기형', '뇌동맥류', '뇌성 마비', '뇌전증', '뇌종양', '단순 포진성 뇌염', '대사성 알칼리증', '바이러스성 뇌수막염', '부갑상선기능저하증', '수막종', '스터지 웨버 증후군', '스파르가눔증', '악성 신경교종', '원발성 중추신경계 림프종', '자간증', '저나트륨혈증', '테이-삭스병 ', '피질하 경색과 백질뇌증을 동반하는 상염색체 우성 뇌동맥질환', '핵황달', ''),
	('뇌출혈', 10, 15, '', '뇌 동정맥 기형', '면역혈소판감소증', '', '', '', '', '', '', '', '', '', '', '', '', '', '', '', '', '', '', '', '', ''),
	('눈 감을 때 번쩍거림', 10, 11, '', '비문증', '', '', '', '', '', '', '', '', '', '', '', '', '', '', '', '', '', '', '', '', '', ''),
	('눈 사이가 멀어보임', 10, 11, '', '18번 염색체 단완결실 증후군', '22번 염색체 장완 미세결실 증후군', '누난 증후군 ', '바르덴부르크 증후군', '양안격리증', '에이퍼트 증후군 ', '파이퍼 증후군 ', '', '', '', '', '', '', '', '', '', '', '', '', '', '', '', ''),
	('눈 주변 부종', 10, 11, '', '부비동염', '샤가스병', '신증후군', '안검염', '안와 골절', '알레르기성 결막염', '혈관부종', '화농성 안구내염', '', '', '', '', '', '', '', '', '', '', '', '', '', '', ''),
	('눈 주위 노란 반점', 10, 11, '', '안검황색종', '', '', '', '', '', '', '', '', '', '', '', '', '', '', '', '', '', '', '', '', '', ''),
	('눈/뺨 주위 작은 낭종', 10, 15, '', '비립종', '한관종', '', '', '', '', '', '', '', '', '', '', '', '', '', '', '', '', '', '', '', '', ''),
	('눈가 및 이마 주름', 10, 11, '', '노화', '노화된 얼굴', '', '', '', '', '', '', '', '', '', '', '', '', '', '', '', '', '', '', '', '', ''),
	('눈꺼풀 처짐증', 10, 11, '', '18번 염색체 단완결실 증후군', '노화된 얼굴', '누난 증후군 ', '눈꺼풀 장애', '안검하수', '지주막하 출혈', '', '', '', '', '', '', '', '', '', '', '', '', '', '', '', '', ''),
	('눈꺼풀의 떨림', 10, 11, '', '근육긴장이상증', '뇌전증', '신생아 경련', '', '', '', '', '', '', '', '', '', '', '', '', '', '', '', '', '', '', '', ''),
	('눈꼽', 10, 11, '', '결막염', '꽃가루 알레르기', '눈물흘림증', '비루관 폐쇄', '출혈성 결막염', '', '', '', '', '', '', '', '', '', '', '', '', '', '', '', '', '', ''),
	('눈물흘림', 10, 11, '', '각막 궤양', '각막염', '군발성 두통 증후군', '눈물흘림증', '비루관 폐쇄', '안검내반', '안면 마비', '음식 알레르기', '한센병', '홍채염', '', '', '', '', '', '', '', '', '', '', '', '', ''),
	('눈부심', 10, 11, '', '각막 궤양', '각막 혼탁과 흉터', '각막염', '결막염', '망막 열공', '백내장', '베체트 병', '사시', '안검내반', '안구 건조증', '원추각막', '출혈성 결막염', '톡소플라즈마증', '포도막염', '홍채염', '', '', '', '', '', '', '', ''),
	('눈비빔', 10, 11, '', '안검내반', '', '', '', '', '', '', '', '', '', '', '', '', '', '', '', '', '', '', '', '', '', ''),
	('눈운동신경마비', 10, 11, '', '결핵성 수막염', '사시', '수두증', '스핑고 지질증', '잠금 증후군', '', '', '', '', '', '', '', '', '', '', '', '', '', '', '', '', '', ''),
	('눈의 자극감', 10, 11, '', '결막염', '안검염', '안구 건조증', '원추각막', '진균성 각막 궤양', '출혈성 결막염', '', '', '', '', '', '', '', '', '', '', '', '', '', '', '', '', ''),
	('눈의 충혈', 10, 11, '', 'VDT 증후군', '각막 궤양', '각막염', '결막염', '꽃가루 알레르기', '난시', '망막 열공', '맥락막 흑색종', '모세혈관 확장성 운동실조 증후군 ', '안검염', '안암', '알레르기성 결막염', '얼렌 증후군', '에볼라 출혈열', '익상편', '지카 바이러스 감염증', '출혈성 결막염', '측두동맥염', '포도막염', '풍진', '홍채염', '', ''),
	('눈의 통증', 10, 11, '', '각막 궤양', '각막 혼탁과 흉터', '각막염', '군발성 두통 증후군', '난시', '녹내장', '베체트 병', '설맹', '시신경염', '진균성 각막 궤양', '출혈성 결막염', '측두동맥염', '톡소플라즈마증', '포도막염', '홍채염', '화농성 안구내염', '', '', '', '', '', '', ''),
	('눈의 피로', 10, 11, '', 'VDT 증후군', '각막 혼탁과 흉터', '거북목 증후군', '결막염', '난시', '노안', '사시', '안구 건조증', '얼렌 증후군', '진균성 각막 궤양', '출혈성 결막염', '', '', '', '', '', '', '', '', '', '', '', ''),
	('눈이 무거운 느낌', 10, 11, '', '두통', '', '', '', '', '', '', '', '', '', '', '', '', '', '', '', '', '', '', '', '', '', ''),
	('늑막삼출', 30, 32, '', '아메바성 간농양', '', '', '', '', '', '', '', '', '', '', '', '', '', '', '', '', '', '', '', '', '', ''),
	('다뇨', 40, 43, '', '넬슨 증후군', '당뇨병', '당뇨병성 케톤산증 ', '신증후성 출혈열', '요붕증', '인슐린 비의존성 당뇨병', '인슐린 의존성 당뇨병', '', '', '', '', '', '', '', '', '', '', '', '', '', '', '', ''),
	('다리 통증', 20, 25, '', '길랑-바레 증후군', '오스굿씨 병', '외반슬', '요추 추간판 탈출증', '자궁경부암', '좌골신경통', '퇴행성 척추 장애', '하지불안증후군', '', '', '', '', '', '', '', '', '', '', '', '', '', '', ''),
	('다리가 잘 안 벌어짐', 20, 25, '', '고관절 이형성증', '', '', '', '', '', '', '', '', '', '', '', '', '', '', '', '', '', '', '', '', '', ''),
	('다리변형', 20, 25, '', '경골과 비골 골절', '골절 후 부정 유합/ 불유합', '구루병', '대퇴 골절', '', '', '', '', '', '', '', '', '', '', '', '', '', '', '', '', '', '', ''),
	('다리의 길이가 틀림', 20, 25, '', '고관절 이형성증', '대퇴 골절', '', '', '', '', '', '', '', '', '', '', '', '', '', '', '', '', '', '', '', '', ''),
	('다모증', 30, 33, '', '다낭성 난소 증후군', '코넬리아드랑게 증후군 ', '', '', '', '', '', '', '', '', '', '', '', '', '', '', '', '', '', '', '', '', ''),
	('다발성 관절염', 20, 25, '', '급성 류마티스성 열', '류마티스 관절염', '', '', '', '', '', '', '', '', '', '', '', '', '', '', '', '', '', '', '', '', ''),
	('다식', 30, 34, '', '당뇨병', '인슐린 비의존성 당뇨병', '인슐린 의존성 당뇨병', '', '', '', '', '', '', '', '', '', '', '', '', '', '', '', '', '', '', '', ''),
	('다음', 30, 34, '', '당뇨병', '인슐린 비의존성 당뇨병', '인슐린 의존성 당뇨병', '', '', '', '', '', '', '', '', '', '', '', '', '', '', '', '', '', '', '', ''),
	('다지증', 20, 23, '', '선천성 손 기형', '파타우 증후군', '', '', '', '', '', '', '', '', '', '', '', '', '', '', '', '', '', '', '', '', ''),
	('단백뇨', 40, 43, '', '급성 간질성 신염', '단세포군감마글로불린병증', '라싸열', '면역글로불린 A 신병증', '미세변화 신증후군', '미세혈관병용혈빈혈', '사구체신염', '신증후군', '신증후성 출혈열', '알포트 증후군', '임신성 고혈압', '캐슬만병', '', '', '', '', '', '', '', '', '', '', ''),
	('닭살', 30, 33, '', '모공성 각화증', '', '', '', '', '', '', '', '', '', '', '', '', '', '', '', '', '', '', '', '', '', ''),
	('담도감염', 30, 37, '', '간디스토마', '', '', '', '', '', '', '', '', '', '', '', '', '', '', '', '', '', '', '', '', '', ''),
	('담석', 30, 37, '', '용혈빈혈', '', '', '', '', '', '', '', '', '', '', '', '', '', '', '', '', '', '', '', '', '', ''),
	('당뇨', 30, 31, '', '뇌하수체 기능 항진', '만성 췌장염', '모세혈관 확장성 운동실조 증후군 ', '부신 종양', '부신암', '췌장염', '터너 증후군 ', '', '', '', '', '', '', '', '', '', '', '', '', '', '', '', ''),
	('대변에 벌레 관찰됨', 40, 44, '', '요충증', '', '', '', '', '', '', '', '', '', '', '', '', '', '', '', '', '', '', '', '', '', ''),
	('대비감 감소', 10, 11, '', '원추각막', '', '', '', '', '', '', '', '', '', '', '', '', '', '', '', '', '', '', '', '', '', ''),
	('대사성 산증', 30, 31, '', '대동맥궁 단절', '악성 고열증', '온전한 심실 중격을 가진 폐동맥 폐쇄', '', '', '', '', '', '', '', '', '', '', '', '', '', '', '', '', '', '', '', ''),
	('대인관계 어려움', 50, 51, '', '경계성 인격장애', '광장공포증', '사회공포증', '성인 주의력 결핍 과잉행동장애', '아스퍼거 증후군', '외상 후 스트레스 장애', '인터넷 중독', '', '', '', '', '', '', '', '', '', '', '', '', '', '', '', ''),
	('대화에 불쑥 끼어듬', 50, 51, '', '성인 주의력 결핍 과잉행동장애', '주의력결핍 과잉행동장애', '', '', '', '', '', '', '', '', '', '', '', '', '', '', '', '', '', '', '', '', ''),
	('덩어리가 만져짐', 30, 33, '', '간세포성 암종', '갑상선 유두암', '갑상선암', '결절종', '골육종', '과립막 세포종', '구강암', '난소암', '듀피트렌 구축', '린치 증후군', '림프관종', '림프종', '방광암', '버킷 림프종', '부갑상선암', '비호지킨 림프종', '뼈의 신생물', '생식선 및 생식 세포의 신생물', '수신증', '연부조직 육종', '요근 농양', '위장관 기질 종양', '윌름즈 종양'),
	('동공산대', 10, 11, '', '뇌사', '망막아세포종', '', '', '', '', '', '', '', '', '', '', '', '', '', '', '', '', '', '', '', '', ''),
	('동공이 흰빛으로 반짝임', 10, 11, '', '망막아세포종', '', '', '', '', '', '', '', '', '', '', '', '', '', '', '', '', '', '', '', '', '', ''),
	('동정맥루 잡음 약화', 20, 21, '', '동정맥루 기능부전', '', '', '', '', '', '', '', '', '', '', '', '', '', '', '', '', '', '', '', '', '', ''),
	('두드러기', 30, 33, '', '두드러기', '식중독', '약물 알레르기', '음식 알레르기', '태열', '한랭 두드러기', '', '', '', '', '', '', '', '', '', '', '', '', '', '', '', '', ''),
	('두통', 10, 17, '', 'VDT 증후군', '간염', '감염성 홍반', '결핵성 수막염', '고산병', '고혈압 ', '골수염', '광견병', '교모세포종', '근단 주위 농양', '근시', '근육 긴장성 두통', '금단 현상', '급성 신우신염', '급성 위장염', '급성 중이염', '기뇌증', '난시', '납 중독', '넬슨 증후군', '노로바이러스 장염', '노안', '녹내장'),
	('두피 건조', 10, 18, '', '비듬', '', '', '', '', '', '', '', '', '', '', '', '', '', '', '', '', '', '', '', '', '', ''),
	('딱지', 30, 33, '', '간찰성 홍반', '농가진', '대상포진', '지루성 피부염', '천포창', '태열', '털진드기병', '피부암', '', '', '', '', '', '', '', '', '', '', '', '', '', '', ''),
	('딸기혀', 10, 13, '', '성홍열', '', '', '', '', '', '', '', '', '', '', '', '', '', '', '', '', '', '', '', '', '', ''),
	('떨림', 20, 26, '', '떨림/ 진전', '비정형 파킨슨 증후군', '윌슨병', '이차성 파킨슨증', '테이-삭스병 ', '파킨슨병', '', '', '', '', '', '', '', '', '', '', '', '', '', '', '', '', ''),
	('레이노이드 현상', 20, 23, '', '전신 경화증', '한랭글로불린혈증', '', '', '', '', '', '', '', '', '', '', '', '', '', '', '', '', '', '', '', '', ''),
	('림프 부종', 30, 31, '', '구루병', '낭포성 히그로마', '단독', '무른 궤양', '약물 알레르기', '원발부위 불명암', '원충성 질환', '음경암', '카포시 육종', '캐슬만병', '터너 증후군 ', '풍진', '홍역', '후천성 면역결핍증', '', '', '', '', '', '', '', '', ''),
	('림프절 농양', 30, 31, '', '면역결핍증', '피부 농양', '', '', '', '', '', '', '', '', '', '', '', '', '', '', '', '', '', '', '', '', ''),
	('마비', 20, 21, '22', '경추 추간판 탈출증', '구획 증후군', '뇌출혈', '모야모야병', '수두증', '압궤 손상', '저칼륨혈증', '척수공동증', '척추 골수염', '피질하 경색과 백질뇌증을 동반하는 상염색체 우성 뇌동맥질환', '혈관성 치매', '', '', '', '', '', '', '', '', '', '', '', ''),
	('만성 부비동염', 10, 18, '', '아데노이드의 비대를 동반한 편도의 비대', '', '', '', '', '', '', '', '', '', '', '', '', '', '', '', '', '', '', '', '', '', ''),
	('만성 신부전', 30, 37, '', '만성 신부전', '알포트 증후군', '', '', '', '', '', '', '', '', '', '', '', '', '', '', '', '', '', '', '', '', ''),
	('말단비대', 20, 23, '', '뇌하수체 기능 항진', '말단비대증', '카르시노이드 증후군', '', '', '', '', '', '', '', '', '', '', '', '', '', '', '', '', '', '', '', ''),
	('말더듬', 50, 51, '', '말더듬이', '', '', '', '', '', '', '', '', '', '', '', '', '', '', '', '', '', '', '', '', '', ''),
	('말을 많이 함', 50, 51, '', '양극성 장애', '', '', '', '', '', '', '', '', '', '', '', '', '', '', '', '', '', '', '', '', '', ''),
	('말초 신경장애', 20, 23, '', '결절성 다발동맥염', '당뇨병성 말초신경병증', '베르니케 코시코프 증후군', '선모충증', '죽상경화증', '한랭글로불린혈증', '', '', '', '', '', '', '', '', '', '', '', '', '', '', '', '', ''),
	('말초 통증', 20, 23, '', '강직성 척추염', '골수증식종양', '당뇨병성 말초신경병증', '동맥색전증 및 혈전증', '레이노병', '죽상경화증', '파브리병', '폐색성 혈전 혈관염 ', '한랭글로불린혈증', '', '', '', '', '', '', '', '', '', '', '', '', '', ''),
	('말초부종', 20, 21, '22', '고산병', '심근병증', '폐부종', '', '', '', '', '', '', '', '', '', '', '', '', '', '', '', '', '', '', '', ''),
	('말초의 허혈', 20, 21, '22', '골수증식종양', '동맥색전증 및 혈전증', '심부정맥 색전증', '죽상경화증', '폐색성 혈전 혈관염 ', '', '', '', '', '', '', '', '', '', '', '', '', '', '', '', '', '', ''),
	('망막 이상', 10, 11, '', '스티클러 증후군', '알포트 증후군', '', '', '', '', '', '', '', '', '', '', '', '', '', '', '', '', '', '', '', '', ''),
	('망상', 50, 51, '', '경계성 인격장애', '망상 장애', '분열정동 장애', '양극성 장애', '우울증', '조현병', '', '', '', '', '', '', '', '', '', '', '', '', '', '', '', '', ''),
	('머리모양 변형', 10, 18, '', '댄디워커 증후군', '두개 안면 부조화', '두개 유합증', '', '', '', '', '', '', '', '', '', '', '', '', '', '', '', '', '', '', '', ''),
	('멍', 30, 33, '', '계류 유산', '골수증식종양', '골형성부전증', '급성골수성백혈병', '급성림프모구백혈병', '말기 신질환', '발작성야간혈색뇨', '엘러스-단로스 증후군 ', '용혈성 요독 증후군', '재생불량빈혈', '헤노호 쉰라인 자반증', '', '', '', '', '', '', '', '', '', '', '', ''),
	('면포', 30, 33, '', '모낭염', '여드름', '한선염', '', '', '', '', '', '', '', '', '', '', '', '', '', '', '', '', '', '', '', ''),
	('모발 탈색', 10, 18, '', '바르덴부르크 증후군', '백반증', '선천성 색소결핍증', '조로증', '', '', '', '', '', '', '', '', '', '', '', '', '', '', '', '', '', '', ''),
	('모발이 가늘어짐', 10, 18, '', '탈모증', '', '', '', '', '', '', '', '', '', '', '', '', '', '', '', '', '', '', '', '', '', ''),
	('목 뒷부분의 지방축적', 10, 16, '', '쿠싱 증후군', '', '', '', '', '', '', '', '', '', '', '', '', '', '', '', '', '', '', '', '', '', ''),
	('목 주변 부종', 10, 16, '', '갑상선 유두암', '갑상설관 낭종', '결핵성 임파선염', '루드비히 안자이나 ', '비인두 종양', '유행성 이하선염', '침샘염', '타액선암', '혈관부종', '흉부 대동맥류', '', '', '', '', '', '', '', '', '', '', '', '', ''),
	('목소리 변화', 10, 16, '', '갑상선 미분화암', '갑상선 수질암', '갑상선 여포암', '갑상선 유두암', '갑상선기능저하증', '골형성부전증', '구강암', '부갑상선암', '성대와 후두 용종', '식도암', '심낭 삼출 ', '악성 중피종', '양성 종격동 종양', '위식도 역류성 질환', '인후두염', '타액선암', '폐암', '후두개염', '후두암', '', '', '', ''),
	('목의 이물감', 10, 16, '', '갑상선 미분화암', '갑상선 수질암', '갑상선 여포암', '갑상설관 낭종', '바렛 식도', '불안 장애', '비중격 만곡', '소화관의 이물', '식도의 이물', '인후두염', '편도암', '후두암', '후비루', '', '', '', '', '', '', '', '', '', ''),
	('목의 통증', 10, 16, '', '감염성 단핵구증', '갑상선염', '갑상설관 낭종', '거북목 증후군', '결핵성 임파선염', '경추 추간판 탈출증', '구강암', '디프테리아', '레지오넬라증', '부비동염', '상기도 감염', '새열 낭종', '섬유근육통', '신경근병증', '신종 플루', '인플루엔자', '인후두염', '조류 인플루엔자 인체감염증', '척추 종양', '코로나-19', '큐열', '타액선암', '편도결석'),
	('몸살', 20, 26, '', '헤노호 쉰라인 자반증', '혈관염', '', '', '', '', '', '', '', '', '', '', '', '', '', '', '', '', '', '', '', '', ''),
	('몽유병', 50, 52, '', '수면 무호흡증', '수면 장애', '', '', '', '', '', '', '', '', '', '', '', '', '', '', '', '', '', '', '', '', ''),
	('무감각', 20, 21, '22', '각기병', '당뇨병성 말초신경병증', '동상', '아밀로이드증', '잠수병', '지간 신경종', '처그 스트라우스 증후군', '', '', '', '', '', '', '', '', '', '', '', '', '', '', '', ''),
	('무관심', 50, 51, '', '경미한 인지장애', '', '', '', '', '', '', '', '', '', '', '', '', '', '', '', '', '', '', '', '', '', ''),
	('무균성 뇌막염', 10, 18, '', '소아마비', '', '', '', '', '', '', '', '', '', '', '', '', '', '', '', '', '', '', '', '', '', ''),
	('무논리증', 50, 51, '', '조현병', '', '', '', '', '', '', '', '', '', '', '', '', '', '', '', '', '', '', '', '', '', ''),
	('무뇨', 40, 43, '', '급성 신부전', '대동맥 협착증', '대동맥궁 단절', '말기 신질환', '파종혈관내응고', '', '', '', '', '', '', '', '', '', '', '', '', '', '', '', '', '', ''),
	('무릎 부위 부종', 20, 25, '', '골관절염', '무릎관절증', '반달연골 이상', '반월판 연골손상', '베이커 낭종', '슬개골 골절', '슬관절 장애', '십자 인대 손상', '오스굿씨 병', '원판형 반월상연골', '', '', '', '', '', '', '', '', '', '', '', '', ''),
	('무릎 부위 통증', 20, 25, '', '골관절염', '무릎관절증', '반달연골 이상', '반월판 연골손상', '베이커 낭종', '베체트 병', '슬개골 골절', '슬관절 장애', '십자 인대 손상', '연골연화증', '오스굿씨 병', '원판형 반월상연골', '통풍', '', '', '', '', '', '', '', '', '', ''),
	('무맥', 20, 21, '22', '구획 증후군', '', '', '', '', '', '', '', '', '', '', '', '', '', '', '', '', '', '', '', '', '', ''),
	('무산소 발작', 30, 31, '', '단심실', '양대혈관 우심실 기시증', '양방단실유입증', '익수', '팔로 사 징후', '', '', '', '', '', '', '', '', '', '', '', '', '', '', '', '', '', ''),
	('무욕증', 50, 51, '', '조현병', '', '', '', '', '', '', '', '', '', '', '', '', '', '', '', '', '', '', '', '', '', ''),
	('무월경', 40, 42, '', '갑상선기능항진증', '고환 여성화 증후군', '과립막 세포종', '넬슨 증후군', '뇌하수체 기능 항진', '다낭성 난소 증후군', '모호한 생식기', '무월경', '섭식 장애', '성선기능저하증', '신경성 식욕부진증', '안드로겐 불감성 증후군 ', '윌슨병', '자궁 발육부전', '자궁내막암', '', '', '', '', '', '', '', ''),
	('무의식', 10, 17, '', '뇌사', '혼수', '', '', '', '', '', '', '', '', '', '', '', '', '', '', '', '', '', '', '', '', ''),
	('무의지증', 50, 51, '', '뇌동맥 폐쇄', '', '', '', '', '', '', '', '', '', '', '', '', '', '', '', '', '', '', '', '', '', ''),
	('무증상', 50, 51, '', 'PSA 상승', 'WPW 증후군', '간 혈관종', '간디스토마', '간세포성 암종', '간의 양성 신생물', '갑상설관 낭종', '거대세포 바이러스 질환', '경동맥 협착증', '고칼륨혈증', '골감소증', '기뇌증', '난소 낭종', '난소암', '난소의 양성 종양', '남성 불임', '낭성 신장 질환', '단세포군감마글로불린병증', '담낭 선근종증', '담낭 용종', '대동맥 협착', '대동맥판막 기능부전 ', '대동맥판막 협착 '),
	('무호흡', 30, 32, '', '뇌사', '신생아 가사', '신생아 경련', '신생아 괴사성 장염', '신생아 다혈구증', '저칼슘혈증', '', '', '', '', '', '', '', '', '', '', '', '', '', '', '', '', ''),
	('문맥성고혈압', 30, 37, '', '문맥색전증', '버드 키아리 신드롬', '', '', '', '', '', '', '', '', '', '', '', '', '', '', '', '', '', '', '', '', ''),
	('물집', 30, 33, '', '간찰성 홍반', '구순포진', '기저귀 피부염 ', '농가진', '단순 포진', '동상', '동전모양 습진', '땀띠', '무좀', '봉와직염', '비브리오 패혈증', '샅육아종', '수두', '수부 습진', '수족구병', '스티븐 존슨 증후군', '습진', '아토피성 피부염', '옻 중독', '욕창 ', '접촉 피부염', '천포창', '탄저병'),
	('물집성 표피 박리', 30, 33, '', '스티븐 존슨 증후군', '', '', '', '', '', '', '', '', '', '', '', '', '', '', '', '', '', '', '', '', '', ''),
	('미각이상', 10, 13, '', '설통', '안면 마비', '', '', '', '', '', '', '', '', '', '', '', '', '', '', '', '', '', '', '', '', ''),
	('미란', 30, 33, '', '천포창', '', '', '', '', '', '', '', '', '', '', '', '', '', '', '', '', '', '', '', '', '', ''),
	('미세반점의 군집', 30, 33, '', '주근깨', '', '', '', '', '', '', '', '', '', '', '', '', '', '', '', '', '', '', '', '', '', ''),
	('미소음경', 40, 45, '', '모호한 생식기', '', '', '', '', '', '', '', '', '', '', '', '', '', '', '', '', '', '', '', '', '', ''),
	('박동성 통증', 10, 17, '', '뇌 동정맥 기형', '두통', '편두통', '', '', '', '', '', '', '', '', '', '', '', '', '', '', '', '', '', '', '', ''),
	('반복되는 폐렴', 30, 32, '', '기관 협착', '심실 중격 결손', '재생불량빈혈', '', '', '', '', '', '', '', '', '', '', '', '', '', '', '', '', '', '', '', ''),
	('반복적인 동작', 50, 51, '', '강박 장애', '', '', '', '', '', '', '', '', '', '', '', '', '', '', '', '', '', '', '', '', '', ''),
	('반사 이상', 60, 61, '', '뇌사', '뇌성 마비', '핵황달', '', '', '', '', '', '', '', '', '', '', '', '', '', '', '', '', '', '', '', ''),
	('반사회적 인격장애', 50, 51, '', '알코올 의존성', '', '', '', '', '', '', '', '', '', '', '', '', '', '', '', '', '', '', '', '', '', ''),
	('반상출혈', 30, 33, '', '범혈구감소증', '비브리오 패혈증', '혈관염', '혈소판 이상', '', '', '', '', '', '', '', '', '', '', '', '', '', '', '', '', '', '', ''),
	('반신마비', 20, 25, '', '경동맥 협착증', '뇌경색', '뇌졸중', '다발성 경화증', '외상성 경막하 출혈', '지주막하 출혈', '', '', '', '', '', '', '', '', '', '', '', '', '', '', '', '', ''),
	('반점', 30, 33, '', '기미', '기저세포 암종', '뎅기열', '돌발성 발진', '모반', '바르톨린샘의 고름집', '봉와직염', '성인형 스틸병', '스터지 웨버 증후군', '스티븐 존슨 증후군', '심내막염', '오타 모반', '유방 파제트병 ', '장티푸스', '혈관염', '화염상 모반', '흑사병', '', '', '', '', '', ''),
	('발 굴곡 운동의 제한', 20, 23, '', '건 손상', '', '', '', '', '', '', '', '', '', '', '', '', '', '', '', '', '', '', '', '', '', ''),
	('발 안쪽 아치의 소실', 20, 23, '', '선천성 편평발', '', '', '', '', '', '', '', '', '', '', '', '', '', '', '', '', '', '', '', '', '', ''),
	('발가락 사이 갈라짐', 20, 23, '', '곰팡이 감염', '무좀', '', '', '', '', '', '', '', '', '', '', '', '', '', '', '', '', '', '', '', '', ''),
	('발가락의 변형', 20, 23, '', '당뇨병성 족부 질환', '망치족지', '', '', '', '', '', '', '', '', '', '', '', '', '', '', '', '', '', '', '', '', ''),
	('발기부전', 40, 45, '', '레리시 증후군', '성선기능저하증', '수면 무호흡증', '카르시노이드 증후군', '', '', '', '', '', '', '', '', '', '', '', '', '', '', '', '', '', '', ''),
	('발끝으로 설 수 없음', 20, 23, '', '건 손상', '아킬레스 건 파열', '', '', '', '', '', '', '', '', '', '', '', '', '', '', '', '', '', '', '', '', ''),
	('발바닥 피부 두꺼워짐', 20, 23, '', '무좀', '무지외반증', '요족', '', '', '', '', '', '', '', '', '', '', '', '', '', '', '', '', '', '', '', ''),
	('발음 이상', 10, 13, '', '구개열', '구순열', '뇌졸중', '모세혈관 확장성 운동실조 증후군 ', '새열 낭종', '설소대 단축증', '안면 골절', '안면 마비', '중증 근무력증', '진행성 핵상마비', '척수소뇌성 운동실조증 ', '척추 뇌저 동맥 증후군', '치열 궁 관계 이상', '턱뼈 성장 이상', '', '', '', '', '', '', '', '', ''),
	('발의 통증', 20, 23, '', '망치족지', '무지외반증', '소건막류', '아킬레스 건 파열', '아킬레스 건염', '염좌', '요족', '족저 근막염', '지간 신경종', '통풍', '', '', '', '', '', '', '', '', '', '', '', '', ''),
	('발이 안쪽을 향해 걸음', 20, 23, '', '내반슬', '', '', '', '', '', '', '', '', '', '', '', '', '', '', '', '', '', '', '', '', '', ''),
	('발적', 30, 33, '', '간찰성 홍반', '고막염', '골절 후 부정 유합/ 불유합', '관절염', '내향성 손발톱', '동정맥루 기능부전', '림프관종', '만성 단순 태선', '만성 두드러기', '맥립종', '모낭염', '배꼽염', '습진', '어루러기', '욕창 ', '유방 농양', '임파선염', '접촉 피부염', '조갑주위염', '지루성 피부염', '치주 농양', '탈락 피부염', '트리코모나스증'),
	('발진', 30, 33, '', '가와사키병', '간찰성 홍반', '감염성 근육염', '감염성 단핵구증', '건선', '급성 간질성 신염', '급성 류마티스성 열', '기저귀 피부염 ', '기쿠치병', '단독', '대상포진', '뎅기열', '독성 간염', '독성 쇼크 증후군', '돌발성 발진', '두드러기', '땀띠', '라임병', '랑거한스세포 조직구증식증', '만성 두드러기', '벌에 쏘였을 때', '베체트 병', '샅육아종'),
	('발한', 30, 33, '', '갈색세포종', '갑상선중독증', '결핵성 복막염', '결핵성 임파선염', '골형성부전증', '공황 장애', '구루병', '급성 심근경색증', '뇌하수체 기능 항진', '로하드 증후군', '만성골수백혈병', '방선균증', '부신 종양', '분만 후 출혈', '비호지킨 림프종', '성선기능저하증', '수두', '수정대혈관 전위', '식도 정맥류', '신경모세포종', '신경절 신경종', '신체형 장애', '위 정맥류'),
	('방광 팽만', 40, 43, '', '간질성 방광염', '소변 정체', '', '', '', '', '', '', '', '', '', '', '', '', '', '', '', '', '', '', '', '', ''),
	('방사통', 20, 21, '22', '근근막 통증 증후군', '급성 관동맥 증후군', '만성 담낭염', '만성 췌장염', '신경근병증', '악성 중피종', '오래된 심근경색증', '요추관 협착증', '위식도 역류성 질환', '유방통', '턱관절 장애', '허혈성 심질환', '협심증', '', '', '', '', '', '', '', '', '', ''),
	('방향감각 상실', 50, 51, '', '뇌염', '알츠하이머병', '크로이츠펠트-야콥병', '', '', '', '', '', '', '', '', '', '', '', '', '', '', '', '', '', '', '', ''),
	('배꼽의 고름 및 피', 30, 33, '', '배꼽염', '', '', '', '', '', '', '', '', '', '', '', '', '', '', '', '', '', '', '', '', '', ''),
	('배꼽이 솟음', 30, 33, '', '제대 탈장', '', '', '', '', '', '', '', '', '', '', '', '', '', '', '', '', '', '', '', '', '', ''),
	('배뇨 시 통증', 40, 43, '', '급성 방광염', '급성 신우신염', '급성 질염', '방광암', '방광요관 역류', '방광의 신경근육 기능 장애', '방광질 누공', '배뇨통', '복압성 요실금', '비임균성 요도염', '산욕열', '생식선 및 생식 세포의 신생물', '수신증', '요로 감염', '질암', '칸디다성 외음질염', '혈뇨', '', '', '', '', '', ''),
	('배뇨곤란', 40, 43, '', '감돈포경', '귀두포피염', '급성 방광염', '급성 신우신염', '급성 질염', '만성 전립선염', '방광의 신경근육 기능 장애', '방광탈', '부고환염', '비임균성 요도염', '스티븐 존슨 증후군', '양성 전립선 비대증', '요로 감염', '융모막암종', '자궁 탈출증', '자궁내막증', '척추 골수염', '혈정액증', '', '', '', '', ''),
	('배뇨장애', 40, 43, '', '길랑-바레 증후군', '다발골수종', '다발성 경화증', '방광탈', '배뇨통', '생식선 및 생식 세포의 신생물', '양성 전립선 비대증', '완전 척수 손상', '외상에 의한 척수 손상', '요로 감염', '자궁 상피 내 암종', '자궁경부암', '조기 폐경', '척수병증', '척수수막류', '후종인대 골화증', '', '', '', '', '', '', ''),
	('배변습관의 변화', 40, 44, '', '게실 질환', '대장암', '대장염', '방광소장 누공', '자궁내막증', '직장암', '항문암', '', '', '', '', '', '', '', '', '', '', '', '', '', '', '', ''),
	('배변장애', 40, 44, '', '난소의 양성 종양', '다발성 경화증', '자궁 상피 내 암종', '자궁경부암', '척수병증', '후종인대 골화증', '', '', '', '', '', '', '', '', '', '', '', '', '', '', '', '', ''),
	('변비', 40, 44, '', '게실 질환', '고칼슘혈증', '궤양성 대장염', '기능성 위장 장애', '납 중독', '로하드 증후군', '맹장염', '부갑상선기능항진증', '부갑상선암', '생식선 및 생식 세포의 신생물', '선천성 갑상선기능저하증', '선천성 거대결장증', '섬유근육통', '아밀로이드증', '위장관 결핵', '위장관 기질 종양', '자가면역성 갑상선염', '자궁 상피 내 암종', '자궁경부암', '자극성 장 증후군', '장염전', '장유착', '장티푸스'),
	('변실금', 40, 44, '', '변실금', '외상성 치매 ', '항문암', '회음 괴저', '', '', '', '', '', '', '', '', '', '', '', '', '', '', '', '', '', '', ''),
	('병원 쇼핑', 50, 51, '', '건강염려증', '', '', '', '', '', '', '', '', '', '', '', '', '', '', '', '', '', '', '', '', '', ''),
	('병적골절', 20, 25, '', '골괴사', '내연골종', '', '', '', '', '', '', '', '', '', '', '', '', '', '', '', '', '', '', '', '', ''),
	('보행이상', 20, 25, '', '근감소증', '노쇠', '노인성 척추후만증', '뇌성 마비', '다발성 경화증', '모세혈관 확장성 운동실조 증후군 ', '베르니케 코시코프 증후군', '변형성 고관절증', '보행 운동 장애', '비정형 파킨슨 증후군', '외반슬', '요근 농양', '요족', '요추 전방전위증', '진행성 핵상마비', '척수근육위축', '척수병증', '척수소뇌성 운동실조증 ', '척수수막류', '파킨슨병', '후종인대 골화증', '', ''),
	('복벽이 움푹 들어감', 30, 33, '', '횡격막 탈장', '', '', '', '', '', '', '', '', '', '', '', '', '', '', '', '', '', '', '', '', '', ''),
	('복부 불편감', 30, 33, '', '간 혈관종', '간경화', '간염', '급성 C형 간염', '냉방병', '노로바이러스 장염', '만성 C형 간염', '만성 담낭염', '부신암', '불안 장애', '섬유근육통', '소장암', '위암', '위염', '유당분해효소결핍증', '장간막 동맥 혈전증', '장간막 정맥 혈전증', '조기 위암', '지방간', '진행성 위암', '총담관 낭', '', ''),
	('복부 압박 증상', 30, 33, '', '간의 양성 신생물', '난소 낭종', '만성 위염', '자궁 탈출증', '조산', '', '', '', '', '', '', '', '', '', '', '', '', '', '', '', '', '', ''),
	('복부 통증', 30, 33, '', '가와사키병', '간 전이', '간내 담석', '간농양', '간디스토마', '간세포성 암종', '간의 양성 신생물', '간이식 후 상태', '간질성 방광염', '게실 질환', '결핵성 복막염', '경화성 담관염', '계류 유산', '골반 염증성 질환', '과립막 세포종', '과호흡 증후군', '궤양성 대장염', '급성 A형 간염', '급성 담낭염', '급성 류마티스성 열', '급성 바이러스성 간염', '급성 위장염', '급성 충수염'),
	('복부경련', 30, 33, '', '대사성 산증', '복막염', '자궁경관무력증', '장출혈성 대장균 감염증', '조산', '혈관부종', '', '', '', '', '', '', '', '', '', '', '', '', '', '', '', '', ''),
	('복부비만', 30, 33, '', '뇌하수체 기능부전', '대사 증후군', '부신암', '성장호르몬 결핍증', '쿠싱 증후군', '프라더 윌리 증후군 ', '', '', '', '', '', '', '', '', '', '', '', '', '', '', '', '', ''),
	('복부의 박동감', 30, 33, '', '복부 대동맥류', '', '', '', '', '', '', '', '', '', '', '', '', '', '', '', '', '', '', '', '', '', ''),
	('복부팽만감', 30, 33, '', '간의 양성 신생물', '게실 질환', '결핵성 복막염', '과호흡 증후군', '급성 위장염', '급성 췌장염', '기능성 위장 장애', '난소의 양성 종양', '납 중독', '덤핑 증후군', '만성 위염', '무월경', '반흔 탈장', '변비', '복막염', '복부 대동맥류', '부신암', '선천성 거대결장증', '선천성 소장 결손/ 폐쇄 및 협착', '소장암', '신경모세포종', '신생아 괴사성 장염', '신장의 신생물'),
	('복수', 30, 33, '', 'Rh 부적합 임신', '간경화', '간염', '결핵성 복막염', '과립막 세포종', '난소암', '랑거한스세포 조직구증식증', '만성 신부전', '문맥색전증', '버드 키아리 신드롬', '선천성 담관 폐쇄증', '신생아 답즙정체증', '심근병증', '알코올성 간질환', '온전한 심실 중격을 가진 폐동맥 폐쇄', '용혈성 요독 증후군', '원발부위 불명암', '', '', '', '', '', ''),
	('복시', 10, 11, '', '금단 현상', '길랑-바레 증후군', '뇌졸중', '백내장', '보툴리눔독소증', '비인두 종양', '사시', '수막종', '안와 골절', '중증 근무력증', '척추 뇌저 동맥 증후군', '', '', '', '', '', '', '', '', '', '', '', ''),
	('볼/ 눈주위 움푹 꺼짐', 10, 15, '', '노화된 얼굴', '', '', '', '', '', '', '', '', '', '', '', '', '', '', '', '', '', '', '', '', '', ''),
	('볼이 처짐', 10, 15, '', '노화된 얼굴', '', '', '', '', '', '', '', '', '', '', '', '', '', '', '', '', '', '', '', '', '', ''),
	('부유물이 보임', 10, 11, '', '비문증', '', '', '', '', '', '', '', '', '', '', '', '', '', '', '', '', '', '', '', '', '', ''),
	('부정교합', 10, 13, '', '안면 골절', '안면 비대칭', '윌리암스 증후군 ', '', '', '', '', '', '', '', '', '', '', '', '', '', '', '', '', '', '', '', ''),
	('부정맥', 30, 31, '', '갑상선기능항진증', '고마그네슘혈증', '고칼륨혈증', '과호흡 증후군', '대사성 산증', '대사성 알칼리증', '샤가스병', '설인신경통', '심근염', '심낭 압전', '심장 종양', '아밀로이드증', '악성 고열증', '오래된 심근경색증', '익수', '저칼륨혈증', '전폐정맥연결 이상', '호흡성 알칼리증', '', '', '', '', ''),
	('분만 지연', 40, 41, '', '아두골반 불균형', '양수과소증', '', '', '', '', '', '', '', '', '', '', '', '', '', '', '', '', '', '', '', '', ''),
	('분출성 구토', 30, 34, '', '영아 비대성 유문협착증', '', '', '', '', '', '', '', '', '', '', '', '', '', '', '', '', '', '', '', '', '', ''),
	('분홍색의 반흔', 30, 33, '', '켈로이드', '', '', '', '', '', '', '', '', '', '', '', '', '', '', '', '', '', '', '', '', '', ''),
	('불규칙적 진통', 40, 41, '', '가진통', '', '', '', '', '', '', '', '', '', '', '', '', '', '', '', '', '', '', '', '', '', ''),
	('불규칙한 반흔', 30, 33, '', '켈로이드', '', '', '', '', '', '', '', '', '', '', '', '', '', '', '', '', '', '', '', '', '', ''),
	('불규칙호흡', 30, 32, '', '신생아 경련', '', '', '', '', '', '', '', '', '', '', '', '', '', '', '', '', '', '', '', '', '', ''),
	('불면증', 50, 51, '', '간성 뇌증', '갑상선기능항진증', '거북목 증후군', '금단 현상', '납 중독', '불면증', '불안 장애', '산후 갑상선염', '섬망', '수면 무호흡증', '울혈성 심부전', '춘곤증', '폐경', '', '', '', '', '', '', '', '', '', ''),
	('불안', 50, 51, '', '갑상선중독증', '강박 장애', '과호흡 증후군', '광장공포증', '금단 현상', '급성 심근경색증', '기억상실증', '독성 쇼크 증후군', '반응성 애착장애', '베르니케 코시코프 증후군', '부갑상선기능저하증', '분리 불안 장애', '불면증', '사회공포증', '산후 우울증', '악성 흉막 삼출', '안면 홍조증', '알코올 의존성', '외상 후 스트레스 장애', '월경전 증후군', '저혈당증', '폐 혈전색전증', '폐경'),
	('붉고 얇은 피부', 30, 33, '', '쿠싱 증후군', '', '', '', '', '', '', '', '', '', '', '', '', '', '', '', '', '', '', '', '', '', ''),
	('붉은 색소 침착', 30, 33, '', '만성 단순 태선', '', '', '', '', '', '', '', '', '', '', '', '', '', '', '', '', '', '', '', '', '', ''),
	('비관주의', 50, 51, '', '기분부전증', '', '', '', '', '', '', '', '', '', '', '', '', '', '', '', '', '', '', '', '', '', ''),
	('비문증', 10, 11, '', '당뇨망막병증', '망막 박리', '맥락막 흑색종', '유리체 출혈', '포도막염', '', '', '', '', '', '', '', '', '', '', '', '', '', '', '', '', '', ''),
	('비웃는 듯한 표정', 10, 15, '', '파상풍', '', '', '', '', '', '', '', '', '', '', '', '', '', '', '', '', '', '', '', '', '', ''),
	('비장비대', 30, 38, '', 'Rh 부적합 임신', '골수증식종양', '급성림프모구백혈병', '니만-피크병', '만성골수백혈병', '만성림프구백혈병', '발작성야간혈색뇨', '백혈병', '베크위트-위드만 증후군', '산필리포 증후군', '선천성 담관 폐쇄증', '소적혈구빈혈', '슬라이 증후군', '신생아 답즙정체증', '아밀로이드증', '용혈빈혈', '유전구형적혈구증', '자가면역용혈질환', '지중해빈혈', '', '', '', ''),
	('비정상적 성적 기호', 50, 51, '', '성도착증', '', '', '', '', '', '', '', '', '', '', '', '', '', '', '', '', '', '', '', '', '', ''),
	('비정상적 질 분비물', 40, 42, '', '골반 염증성 질환', '급성 질염', '난소난관염', '노인성 질염 ', '사면발이증', '성병', '외음질의 이물', '융모양막염', '임질', '자궁 상피 내 암종', '자궁경관무력증', '자궁경부암', '자궁경부염', '조기 양막 파열', '질암', '칸디다성 외음질염', '트리코모나스증', '', '', '', '', '', ''),
	('비정상적 질출혈', 40, 42, '', '계류 유산', '과립막 세포종', '난소 낭종', '난소난관염', '난소암', '다낭성 난소 증후군', '무월경', '분만 후 출혈', '비장암', '비정상적 자궁/ 질 출혈', '습관성 유산', '유산', '유산 후 계속되는 임신', '자궁 경부의 이형성증', '자궁 상피 내 암종', '자궁 외 임신', '자궁 육종', '자궁경부암', '자궁경부염', '자궁내막 용종', '자궁내막 이상증식증', '자궁내막암', '자궁의 평활근종'),
	('비정상적인 움직임', 50, 51, '', '뚜렛 증후군', '틱 장애', '', '', '', '', '', '', '', '', '', '', '', '', '', '', '', '', '', '', '', '', ''),
	('비정상적인 진통', 40, 41, '', '가진통', '난산', '양수과다증', '융모양막염', '조기 양막 파열', '태반 조기 박리', '', '', '', '', '', '', '', '', '', '', '', '', '', '', '', '', ''),
	('비출혈', 10, 12, '', '계류 유산', '급성 류마티스성 열', '급성골수성백혈병', '급성림프모구백혈병', '범혈구감소증', '비부비동 종양', '비인두 종양', '비출혈', '안와 골절', '폰빌레브란트병', '', '', '', '', '', '', '', '', '', '', '', '', ''),
	('비현실감', 50, 51, '', '건강염려증', '해리 장애', '', '', '', '', '', '', '', '', '', '', '', '', '', '', '', '', '', '', '', '', ''),
	('빈뇨', 40, 43, '', '간질성 방광염', '고환의 염전', '급성 방광염', '급성 신우신염', '난소의 양성 종양', '방광요관 역류', '방광의 신경근육 기능 장애', '배뇨통', '복압성 요실금', '불안 장애', '비임균성 요도염', '수신증', '신생아 다혈구증', '양성 전립선 비대증', '요관 결석', '요로 감염', '요로결석', '음경암', '임질', '파종혈관내응고', '혈뇨', '', ''),
	('빈맥', 30, 31, '', 'WPW 증후군', '갑상선기능항진증', '결핵성 복막염', '급성 류마티스성 열', '농흉', '대사성 산증', '대혈관 전위', '덤핑 증후군', '디프테리아', '방실 중격 결손', '복강 내 출혈', '복막염', '분만 후 출혈', '비정상적 자궁/ 질 출혈', '수정대혈관 전위', '식도 정맥류', '신경모세포종', '신생아 다혈구증', '심낭 삼출 ', '심방 세동', '심방 조동', '심실 빈맥', '심실 세동'),
	('빈혈', 30, 31, '', 'Rh 부적합 임신', '간문부 담관암', '골수증식종양', '골수형성이상증후군', '과다월경', '궤양성 대장염', '급성골수성백혈병', '급성림프모구백혈병', '기관지확장증', '납 중독', '다발골수종', '단장 증후군', '만성 신부전', '만성림프구백혈병', '미세혈관병용혈빈혈', '반티 증후군', '발작성야간혈색뇨', '백혈병', '버킷 림프종', '부신암', '소장의 혈관 장애', '순수적혈구무형성', '식도 정맥류'),
	('빈호흡', 30, 32, '', 'RS바이러스 감염증', '결핵성 복막염', '고나트륨혈증', '농흉', '불안 장애', '악성 고열증', '자궁 외 임신', '전폐정맥연결 이상', '태변 흡인 증후군', '패혈증', '호흡성 알칼리증', '흉막 삼출', '', '', '', '', '', '', '', '', '', '', ''),
	('빛이나 소리 공포증', 50, 51, '', '편두통', '', '', '', '', '', '', '', '', '', '', '', '', '', '', '', '', '', '', '', '', '', ''),
	('뻣뻣함', 20, 25, '', '관절염', '소아 류마티스 관절염', '', '', '', '', '', '', '', '', '', '', '', '', '', '', '', '', '', '', '', '', ''),
	('뼈 전이', 20, 25, '', '전립선암', '', '', '', '', '', '', '', '', '', '', '', '', '', '', '', '', '', '', '', '', '', ''),
	('뼈의 기형', 20, 25, '', '구루병', '', '', '', '', '', '', '', '', '', '', '', '', '', '', '', '', '', '', '', '', '', ''),
	('뼈의 변형', 20, 25, '', '결핵성 골수염', '골절 후 부정 유합/ 불유합', '괴혈병', '구루병', '급성림프모구백혈병', '내연골종', '병리적 골절', '원위 요골과 척골 골절', '육종', '척추측만증', '팔죽지 골절', '', '', '', '', '', '', '', '', '', '', '', ''),
	('뼈의 통증', 20, 25, '', '골육종', '다발골수종', '백혈병', '부갑상선암', '원발부위 불명암', '육종', '', '', '', '', '', '', '', '', '', '', '', '', '', '', '', '', ''),
	('뿔 모양의 병변', 30, 33, '', '광선 각화증', '', '', '', '', '', '', '', '', '', '', '', '', '', '', '', '', '', '', '', '', '', ''),
	('삐뚤어진 눈/ 코/ 입', 10, 15, '', '안면 비대칭', '', '', '', '', '', '', '', '', '', '', '', '', '', '', '', '', '', '', '', '', '', ''),
	('사경', 10, 16, '', '근육긴장이상증', '망막아세포종', '선천성 사경 ', '', '', '', '', '', '', '', '', '', '', '', '', '', '', '', '', '', '', '', ''),
	('사고의 비약', 50, 51, '', '양극성 장애', '', '', '', '', '', '', '', '', '', '', '', '', '', '', '', '', '', '', '', '', '', ''),
	('사래걸림', 10, 16, '', '기관 협착', '', '', '', '', '', '', '', '', '', '', '', '', '', '', '', '', '', '', '', '', '', ''),
	('사마귀 위 털이 많음', 30, 33, '', '사마귀', '', '', '', '', '', '', '', '', '', '', '', '', '', '', '', '', '', '', '', '', '', ''),
	('사물이 두개로 보임', 10, 11, '', '복시', '', '', '', '', '', '', '', '', '', '', '', '', '', '', '', '', '', '', '', '', '', ''),
	('사물이 찌그러져 보임', 10, 11, '', '당뇨망막병증', '망막 박리', '망막 전막', '베스트 난황형 황반부 이영양증 ', '', '', '', '', '', '', '', '', '', '', '', '', '', '', '', '', '', '', ''),
	('사시', 10, 11, '', '18번 염색체 단완결실 증후군', '4번 염색체 단완결실 증후군', '로하드 증후군', '망막아세포종', '사시', '양안격리증', '에이퍼트 증후군 ', '', '', '', '', '', '', '', '', '', '', '', '', '', '', '', ''),
	('사정이 일찍 됨', 40, 45, '', '조루증', '', '', '', '', '', '', '', '', '', '', '', '', '', '', '', '', '', '', '', '', '', ''),
	('사지 마비', 20, 21, '22', '다발성 경화증', '쇼그렌 증후군', '완전 척수 손상', '잠금 증후군', '횡단성 척수염', '', '', '', '', '', '', '', '', '', '', '', '', '', '', '', '', '', ''),
	('사지 부종', 20, 21, '22', '림프부종', '상대정맥 증후군', '육종', '혈관부종', '', '', '', '', '', '', '', '', '', '', '', '', '', '', '', '', '', '', ''),
	('사지의 창백한 현상', 20, 21, '22', '레이노병', '', '', '', '', '', '', '', '', '', '', '', '', '', '', '', '', '', '', '', '', '', ''),
	('사회성 부족', 50, 51, '', '반응성 애착장애', '발달 장애', '', '', '', '', '', '', '', '', '', '', '', '', '', '', '', '', '', '', '', '', ''),
	('사회적 고립', 50, 51, '', '자폐증 / 자폐 스펙트럼 장애', '', '', '', '', '', '', '', '', '', '', '', '', '', '', '', '', '', '', '', '', '', ''),
	('산만함', 50, 51, '', '반응성 애착장애', '비중격 만곡', '섬망', '성인 주의력 결핍 과잉행동장애', '인터넷 중독', '주의력결핍 과잉행동장애', '', '', '', '', '', '', '', '', '', '', '', '', '', '', '', '', ''),
	('산혈증', 30, 38, '', '급성 신부전', '프로피온산증', '', '', '', '', '', '', '', '', '', '', '', '', '', '', '', '', '', '', '', '', ''),
	('삶에 대한 흥미 상실', 50, 51, '', '우울증', '', '', '', '', '', '', '', '', '', '', '', '', '', '', '', '', '', '', '', '', '', ''),
	('삼키기 곤란', 10, 16, '', '감염성 단핵구증', '갑상선 결절', '갑상선 미분화암', '갑상선 수질암', '갑상선 여포암', '갑상선암', '구강암', '근위축성 측색 경화증', '근육긴장이상증', '근육병', '길랑-바레 증후군', '낭포성 히그로마', '뇌졸중', '모세혈관 확장성 운동실조 증후군 ', '바렛 식도', '보툴리눔독소증', '부신백질이영양증', '상대정맥 증후군', '새열 낭종', '소화관의 이물', '식도암', '식도염', '식도의 이물'),
	('상동적 행동', 50, 51, '', '레트 증후군 ', '스미스-마제니스 증후군 ', '자폐증 / 자폐 스펙트럼 장애', '', '', '', '', '', '', '', '', '', '', '', '', '', '', '', '', '', '', '', ''),
	('상지 마비', 30, 33, '', '후종인대 골화증', '', '', '', '', '', '', '', '', '', '', '', '', '', '', '', '', '', '', '', '', '', ''),
	('상처가 넓어짐', 30, 33, '', '흉터', '', '', '', '', '', '', '', '', '', '', '', '', '', '', '', '', '', '', '', '', '', ''),
	('상처보다 넓게 자람', 30, 33, '', '켈로이드', '흉터', '', '', '', '', '', '', '', '', '', '', '', '', '', '', '', '', '', '', '', '', ''),
	('새가슴', 30, 35, '', '구루병', '슬라이 증후군', '', '', '', '', '', '', '', '', '', '', '', '', '', '', '', '', '', '', '', '', ''),
	('색깔이 퇴색해보임', 10, 11, '', '색약', '시신경염', '조갑 이영양증', '', '', '', '', '', '', '', '', '', '', '', '', '', '', '', '', '', '', '', ''),
	('색맹', 10, 11, '', '색약', '칼만 증후군', '', '', '', '', '', '', '', '', '', '', '', '', '', '', '', '', '', '', '', '', ''),
	('색소 침착', 30, 33, '', 'ARC 증후군', '넬슨 증후군', '부신 기능부전', '사타구니 백선', '상피내 신생물', '수부 습진', '피부암', '', '', '', '', '', '', '', '', '', '', '', '', '', '', '', ''),
	('생리량 감소', 40, 42, '', '성선기능저하증', '', '', '', '', '', '', '', '', '', '', '', '', '', '', '', '', '', '', '', '', '', ''),
	('생리불순', 40, 42, '', '갑상선중독증', '난소/ 난관 이상', '뇌하수체 양성 및 악성 신생물', '부신암', '성선기능저하증', '셀리악병', '신체형 장애', '여성 불임', '자궁내막 이상증식증', '', '', '', '', '', '', '', '', '', '', '', '', '', ''),
	('생식기 궤양', 40, 42, '45', '무른 궤양', '베체트 병', '샅육아종', '음경암', '', '', '', '', '', '', '', '', '', '', '', '', '', '', '', '', '', '', ''),
	('생식기 부종', 40, 42, '45', '고환 종양', '고환염', '자궁경부염', '정계정맥류', '포경', '회음 괴저', '', '', '', '', '', '', '', '', '', '', '', '', '', '', '', '', ''),
	('생식기 출혈', 40, 42, '45', '과립막 세포종', '난소 낭종', '난소암', '외음부암', '자궁 상피 내 암종', '자궁경부암', '자궁내막암', '자궁의 평활근종', '재생불량빈혈', '질암', '첨형 콘딜로마', '회음 열상', '', '', '', '', '', '', '', '', '', '', ''),
	('생식기 통증', 40, 42, '45', '감돈포경', '고환 종양', '만성 전립선염', '부고환염', '산욕열', '음경암', '자궁경부염', '정계정맥류', '칸디다성 외음질염', '회음 괴저', '', '', '', '', '', '', '', '', '', '', '', '', ''),
	('서맥', 30, 31, '', '금단 현상', '로하드 증후군', '신생아 괴사성 장염', '심장신경성 실신', '외상에 의한 척추 손상', '점액수종 혼수', '태변 흡인 증후군', '황열', '', '', '', '', '', '', '', '', '', '', '', '', '', '', ''),
	('서호흡', 30, 32, '', '외상에 의한 척수 손상', '', '', '', '', '', '', '', '', '', '', '', '', '', '', '', '', '', '', '', '', '', ''),
	('설사', 40, 44, '', '가와사키병', '간농양', '간디스토마', '갑상선기능항진증', '고칼륨혈증', '궤양성 대장염', '급성 A형 간염', '급성 B형 간염', '급성 위장염', '급성 충수염', '기능성 위장 장애', '냉방병', '노로바이러스 장염', '농가진', '단장 증후군', '대장 용종', '대장균 감염 ', '대장염', '독성 쇼크 증후군', '랑거한스세포 조직구증식증', '레지오넬라증', '로하드 증후군', '리스테리아'),
	('설염', 10, 13, '', '철결핍빈혈', '', '', '', '', '', '', '', '', '', '', '', '', '', '', '', '', '', '', '', '', '', ''),
	('섬망', 50, 51, '', '사이트린 결핍', '섬망', '알츠하이머병', '', '', '', '', '', '', '', '', '', '', '', '', '', '', '', '', '', '', '', ''),
	('성격의변화', 50, 51, '', '납 중독', '뇌농양', '바이러스성 뇌수막염', '외상성 치매 ', '진행성 핵상마비', '치매', '', '', '', '', '', '', '', '', '', '', '', '', '', '', '', '', ''),
	('성기능 장애', 40, 42, '45', '뇌하수체 기능부전', '다발성 경화증', '부신암', '쿠싱 증후군', '', '', '', '', '', '', '', '', '', '', '', '', '', '', '', '', '', '', ''),
	('성기크기 감소', 40, 45, '', '성선기능저하증', '', '', '', '', '', '', '', '', '', '', '', '', '', '', '', '', '', '', '', '', '', ''),
	('성대 이상', 10, 16, '', '흉부 대동맥류', '', '', '', '', '', '', '', '', '', '', '', '', '', '', '', '', '', '', '', '', '', ''),
	('성대마비', 10, 16, '', '갑상선암', '', '', '', '', '', '', '', '', '', '', '', '', '', '', '', '', '', '', '', '', '', ''),
	('성생활이 힘듦', 40, 42, '45', '남성 불임', '', '', '', '', '', '', '', '', '', '', '', '', '', '', '', '', '', '', '', '', '', ''),
	('성욕감퇴', 50, 51, '', '뇌하수체 양성 및 악성 신생물', '성기능장애', '성선기능저하증', '카르시노이드 증후군', '폐경', '폐경기 및 여성의 갱년기 상태', '', '', '', '', '', '', '', '', '', '', '', '', '', '', '', '', ''),
	('소변량 감소', 40, 43, '', '간신 증후군', '급성 신부전', '말기 신질환', '발육부전성 좌심 증후군', '복수', '신동맥 협착증', '울혈성 심부전', '자간전증', '총동맥간증', '패혈증', '', '', '', '', '', '', '', '', '', '', '', '', ''),
	('소변을 볼 수 없음', 40, 43, '', '소변 정체', '전립선암', '', '', '', '', '', '', '', '', '', '', '', '', '', '', '', '', '', '', '', '', ''),
	('소변이 샘', 40, 43, '', '방광의 신경근육 기능 장애', '방광탈', '복압성 요실금', '요실금', '전립선암', '', '', '', '', '', '', '', '', '', '', '', '', '', '', '', '', '', ''),
	('소아기호증', 50, 51, '', '성도착증', '', '', '', '', '', '', '', '', '', '', '', '', '', '', '', '', '', '', '', '', '', ''),
	('소양감', 30, 33, '', '간찰성 홍반', '골수증식종양', '구순염', '구순포진', '급성 질염', '노인성 질염 ', '다낭성 난소 증후군', '단순 포진', '당뇨병', '동전모양 습진', '사면발이증', '사타구니 백선', '성병', '수부 습진', '안검염', '안구 건조증', '알레르기 비염', '알레르기성 결막염', '어루러기', '외음부암', '요로 감염', '요충증', '유방 파제트병 '),
	('소화불량', 30, 33, '', '간내 담석', '간디스토마', '기능성 위장 장애', '냉방병', '담석', '대장암', '만성 C형 간염', '만성 위염', '식도의 평활근종', '십이지장 궤양', '십이지장염', '양수과다증', '위 유암종', '위궤양', '위암', '위용종', '자가면역 질환', '장유착', '전신 경화증', '조기 위암', '진행성 위암', '춘곤증', '헬리코박터균 감염'),
	('손/ 발 감각 저하', 20, 23, '', '근위축성 측색 경화증', '다발성 신경병증', '당뇨병성 말초신경병증', '스핑고 지질증', '', '', '', '', '', '', '', '', '', '', '', '', '', '', '', '', '', '', ''),
	('손/발/겨드랑이 발한', 20, 23, '', '국소 다한증', '부갑상선기능항진증', '', '', '', '', '', '', '', '', '', '', '', '', '', '', '', '', '', '', '', '', ''),
	('손/발톱이 갈라짐', 20, 23, '', '곰팡이 감염', '조갑백선', '조갑주위염', '', '', '', '', '', '', '', '', '', '', '', '', '', '', '', '', '', '', '', ''),
	('손/발톱이 두꺼워짐', 20, 23, '', '조갑주위염', '', '', '', '', '', '', '', '', '', '', '', '', '', '', '', '', '', '', '', '', '', ''),
	('손가락 운동장애', 20, 23, '', '건 손상', '듀피트렌 구축', '방아쇠 수지', '원위 요골과 척골 골절', '척수소뇌성 운동실조증 ', '', '', '', '', '', '', '', '', '', '', '', '', '', '', '', '', '', ''),
	('손가락 힘이 약해짐', 20, 23, '', '손목 수근관 증후군', '', '', '', '', '', '', '', '', '', '', '', '', '', '', '', '', '', '', '', '', '', ''),
	('손가락으로 밀면 들어감', 30, 34, '', '제대 탈장', '', '', '', '', '', '', '', '', '', '', '', '', '', '', '', '', '', '', '', '', '', ''),
	('손가락의 변형', 20, 23, '', 'XYY 증후군', '루빈스타인 테이비 증후군 ', '방아쇠 수지', '선천성 손 기형', '수부 외상', '파이퍼 증후군 ', '', '', '', '', '', '', '', '', '', '', '', '', '', '', '', '', ''),
	('손떨림', 20, 23, '', '갑상선중독증', '공황 장애', '금단 현상', '뇌전증', '다발성 경화증', '떨림/ 진전', '산후 갑상선염', '섬망', '신체형 장애', '저혈당증', '척수구근 근위축증 ', '파킨슨병', '', '', '', '', '', '', '', '', '', '', ''),
	('손마디가 뻣뻣해짐', 20, 23, '', '류마티스 관절염', '소아 류마티스 관절염', '', '', '', '', '', '', '', '', '', '', '', '', '', '', '', '', '', '', '', '', ''),
	('손목에 심한 붓기와 통증', 20, 23, '', '원위 요골과 척골 골절', '', '', '', '', '', '', '', '', '', '', '', '', '', '', '', '', '', '', '', '', '', ''),
	('손발가락이 6개 이상', 20, 23, '', '부가지', '', '', '', '', '', '', '', '', '', '', '', '', '', '', '', '', '', '', '', '', '', ''),
	('손발을 계속 움직임', 20, 23, '', '주의력결핍 과잉행동장애', '', '', '', '', '', '', '', '', '', '', '', '', '', '', '', '', '', '', '', '', '', ''),
	('손상 부위 출혈', 20, 21, '22', '경골과 비골 골절', '수부 외상', '압궤 손상', '팔죽지 골절', '', '', '', '', '', '', '', '', '', '', '', '', '', '', '', '', '', '', ''),
	('손상부위 촉각 소실', 20, 21, '22', '수부 외상', '팔죽지 골절', '', '', '', '', '', '', '', '', '', '', '', '', '', '', '', '', '', '', '', '', ''),
	('손의 통증', 20, 23, '', 'VDT 증후군', '경추 추간판 탈출증', '레이노병', '무지중수지관절측부인대손상', '방아쇠 수지', '손목 수근관 증후군', '', '', '', '', '', '', '', '', '', '', '', '', '', '', '', '', ''),
	('쇼크', 30, 31, '', '급성 신부전', '대동맥 협착증', '대동맥궁 단절', '동맥류', '발육부전성 좌심 증후군', '복부 대동맥류', '심낭염', '저혈당증', '', '', '', '', '', '', '', '', '', '', '', '', '', '', ''),
	('수면 마비', 50, 52, '', '기면증', '수면 장애', '', '', '', '', '', '', '', '', '', '', '', '', '', '', '', '', '', '', '', '', ''),
	('수면 무호흡', 50, 52, '', '로하드 증후군', '비만', '수면 무호흡증', '수면 장애', '아데노이드의 비대를 동반한 편도의 비대', '', '', '', '', '', '', '', '', '', '', '', '', '', '', '', '', '', ''),
	('수면 시작이 어려움', 50, 52, '', '수면 장애', '', '', '', '', '', '', '', '', '', '', '', '', '', '', '', '', '', '', '', '', '', ''),
	('수면 유지가 어려움', 50, 52, '', '수면 장애', '', '', '', '', '', '', '', '', '', '', '', '', '', '', '', '', '', '', '', '', '', ''),
	('수면 주기의 변화', 50, 52, '', '수면 장애', '', '', '', '', '', '', '', '', '', '', '', '', '', '', '', '', '', '', '', '', '', ''),
	('수면 중 보행', 50, 52, '', '수면보행증', '', '', '', '', '', '', '', '', '', '', '', '', '', '', '', '', '', '', '', '', '', ''),
	('수면 중 소변을 봄', 40, 43, '', '야뇨증', '', '', '', '', '', '', '', '', '', '', '', '', '', '', '', '', '', '', '', '', '', ''),
	('수면 중 이상한 행동', 50, 52, '', '수면 장애', '', '', '', '', '', '', '', '', '', '', '', '', '', '', '', '', '', '', '', '', '', ''),
	('수면 후에도 피로함', 50, 52, '', '불면증', '', '', '', '', '', '', '', '', '', '', '', '', '', '', '', '', '', '', '', '', '', ''),
	('수면장애', 50, 52, '', '고산병', '라임병', '만성 피로 증후군', '분리 불안 장애', '비중격 만곡', '섬망', '섬유근육통', '소아청소년기 우울증', '스미스-마제니스 증후군 ', '외상 후 스트레스 장애', '우울증', '조기 폐경', '진행성 핵상마비', '파킨슨병', '폐경기 및 여성의 갱년기 상태', '하지불안증후군', '', '', '', '', '', '', ''),
	('수정체 이상', 10, 11, '', '알포트 증후군', '', '', '', '', '', '', '', '', '', '', '', '', '', '', '', '', '', '', '', '', '', ''),
	('숨막히는 느낌', 10, 16, '', '공황 장애', '음식 알레르기', '', '', '', '', '', '', '', '', '', '', '', '', '', '', '', '', '', '', '', '', ''),
	('스푼형 손톱', 20, 23, '', '소적혈구빈혈', '철결핍빈혈', '', '', '', '', '', '', '', '', '', '', '', '', '', '', '', '', '', '', '', '', ''),
	('습관성 유산', 40, 41, '', '습관성 유산', '자궁경관무력증', '항인지질 항체 증후군', '', '', '', '', '', '', '', '', '', '', '', '', '', '', '', '', '', '', '', ''),
	('습진', 30, 33, '', '아토피성 피부염', '옴', '유방 파제트병 ', '페닐케톤뇨증', '', '', '', '', '', '', '', '', '', '', '', '', '', '', '', '', '', '', ''),
	('시력 감소', 10, 11, '', '가성근시', '각막 혼탁과 흉터', '각막염', '근시', '넬슨 증후군', '녹내장', '뇌동맥 폐쇄', '뇌염', '뇌졸중', '당뇨망막병증', '말단비대증', '망막 전막', '망막 정맥 폐쇄', '망막 출혈', '망막색소변성증', '망막아세포종', '맥락막 흑색종', '모야모야병', '백내장', '베체트 병', '부신백질이영양증', '사시', '선천성 눈 기형'),
	('시림', 20, 23, '', '다발성 신경병증', '당뇨병성 족부 질환', '수족냉증', '', '', '', '', '', '', '', '', '', '', '', '', '', '', '', '', '', '', '', ''),
	('시신경염', 10, 11, '', '다발성 경화증', '', '', '', '', '', '', '', '', '', '', '', '', '', '', '', '', '', '', '', '', '', ''),
	('시야장애', 10, 11, '', '각막 부종', '결핵성 수막염', '노안', '뇌경색', '뇌동맥 폐쇄', '뇌졸중', '뇌하수체 양성 및 악성 신생물', '눈물흘림증', '당뇨망막병증', '당뇨병', '망막 박리', '망막 열공', '망막 정맥 폐쇄', '망막 출혈', '베스트 난황형 황반부 이영양증 ', '보툴리눔독소증', '부신백질이영양증', '비문증', '선천성 눈 기형', '수정체 탈구', '시신경염', '안구 건조증', '안면인식장애'),
	('식욕부진', 50, 51, '', '각기병', '간 전이', '간경화', '간문부 담관암', '간염', '감염성 홍반', '갑상선기능저하증', '결핵성 골수염', '결핵성 복막염', '결핵성 임파선염', '경화성 담관염', '고나트륨혈증', '고산병', '골수염', '괴혈병', '급성 A형 간염', '급성 C형 간염', '급성 바이러스성 간염', '급성 충수염', '기쿠치병', '납 중독', '노쇠', '뇌하수체 기능부전'),
	('식욕증가', 50, 51, '', '갑상선중독증', '로하드 증후군', '자가면역 질환', '프라더 윌리 증후군 ', '', '', '', '', '', '', '', '', '', '', '', '', '', '', '', '', '', '', ''),
	('식후 불쾌감', 30, 34, '', '소화불량', '', '', '', '', '', '', '', '', '', '', '', '', '', '', '', '', '', '', '', '', '', ''),
	('신경 마비', 60, 61, '', '보툴리눔독소증', '', '', '', '', '', '', '', '', '', '', '', '', '', '', '', '', '', '', '', '', '', ''),
	('신경과민', 60, 61, '', '갑상선기능항진증', '갑상선중독증', '병적 도벽', '순수적혈구무형성', '신생아 괴사성 장염', '', '', '', '', '', '', '', '', '', '', '', '', '', '', '', '', '', ''),
	('신발 안쪽이 주로 닳음', 20, 23, '', '선천성 편평발', '', '', '', '', '', '', '', '', '', '', '', '', '', '', '', '', '', '', '', '', '', ''),
	('신부전', 30, 38, '', '대동맥 협착증', '렙토스피라증', '신동맥 협착증', '신부전', '아밀로이드증', '용혈성 요독 증후군', '', '', '', '', '', '', '', '', '', '', '', '', '', '', '', '', ''),
	('신생아-백색의 결절', 10, 13, '', '발육성 치성 낭종', '', '', '', '', '', '', '', '', '', '', '', '', '', '', '', '', '', '', '', '', '', ''),
	('신장 감소', 30, 38, '', '골다공증', '', '', '', '', '', '', '', '', '', '', '', '', '', '', '', '', '', '', '', '', '', ''),
	('신장 발육부전', 30, 38, '', '신장 이형성증', '', '', '', '', '', '', '', '', '', '', '', '', '', '', '', '', '', '', '', '', '', ''),
	('신증후군', 30, 38, '', '알포트 증후군', '', '', '', '', '', '', '', '', '', '', '', '', '', '', '', '', '', '', '', '', '', ''),
	('실명', 10, 11, '', '부신백질이영양증', '황반천공', '', '', '', '', '', '', '', '', '', '', '', '', '', '', '', '', '', '', '', '', ''),
	('실신', 30, 31, '', '대동맥 박리', '대동맥 협착', '대동맥류', '발작', '부르가다 증후군', '부정맥', '심방 세동', '심실 빈맥', '심실 세동', '심장 판막 질환', '전도 장애', '폐 혈전색전증', '호흡성 알칼리증', '', '', '', '', '', '', '', '', '', ''),
	('실인증', 50, 51, '', '알츠하이머병', '', '', '', '', '', '', '', '', '', '', '', '', '', '', '', '', '', '', '', '', '', ''),
	('실행증', 50, 51, '', '부신백질이영양증', '스핑고 지질증', '알츠하이머병', '', '', '', '', '', '', '', '', '', '', '', '', '', '', '', '', '', '', '', ''),
	('심근손상', 30, 31, '', '폼페병', '', '', '', '', '', '', '', '', '', '', '', '', '', '', '', '', '', '', '', '', '', ''),
	('심방 부정맥', 30, 31, '', '방실 중격 결손', '심방 중격 결손', '온전한 심실 중격을 가진 폐동맥 폐쇄', '', '', '', '', '', '', '', '', '', '', '', '', '', '', '', '', '', '', '', ''),
	('심부전', 30, 31, '', 'Rh 부적합 임신', '가습기 살균제 연관 폐질환', '단심실', '대동맥 협착', '대동맥궁 단절', '발육부전성 좌심 증후군', '방실 중격 결손', '신생아 다혈구증', '심실 중격 결손', '심장 종양', '쌍태아 수혈 증후군', '아밀로이드증', '양대혈관 우심실 기시증', '양방단실유입증', '엡스테인 심기형', '울혈성 심부전', '철결핍빈혈', '패혈증', '', '', '', '', ''),
	('심부정맥혈전증', 30, 31, '', '항인지질 항체 증후군', '', '', '', '', '', '', '', '', '', '', '', '', '', '', '', '', '', '', '', '', '', ''),
	('심실 부정맥', 30, 31, '', '부르가다 증후군', '저마그네슘혈증', '', '', '', '', '', '', '', '', '', '', '', '', '', '', '', '', '', '', '', '', ''),
	('심실세동', 30, 31, '', '부르가다 증후군', '', '', '', '', '', '', '', '', '', '', '', '', '', '', '', '', '', '', '', '', '', ''),
	('심음 감소', 30, 31, '', '심낭 압전', '', '', '', '', '', '', '', '', '', '', '', '', '', '', '', '', '', '', '', '', '', ''),
	('심인성 쇼크', 30, 31, '', '대동맥궁 단절', '발살바동 동맥류 파열', '융모막암종', '', '', '', '', '', '', '', '', '', '', '', '', '', '', '', '', '', '', '', ''),
	('심잡음', 30, 31, '', '동맥관 개존증', '심방 중격 결손', '심실 중격 결손', '엡스테인 심기형', '총동맥간증', '팔로 사 징후', '', '', '', '', '', '', '', '', '', '', '', '', '', '', '', '', ''),
	('심정지', 30, 31, '', '고마그네슘혈증', '고칼륨혈증', '양수색전증', '저칼슘혈증', '지주막하 출혈', '', '', '', '', '', '', '', '', '', '', '', '', '', '', '', '', '', ''),
	('심혈관계 증상', 30, 31, '', '다운 증후군 ', '비만', '윌리암스 증후군 ', '파브리병', '파타우 증후군', '', '', '', '', '', '', '', '', '', '', '', '', '', '', '', '', '', ''),
	('십이지장궤양', 30, 34, '', '헬리코박터균 감염', '', '', '', '', '', '', '', '', '', '', '', '', '', '', '', '', '', '', '', '', '', ''),
	('아나필락시스', 30, 31, '', '약물 알레르기', '', '', '', '', '', '', '', '', '', '', '', '', '', '', '', '', '', '', '', '', '', ''),
	('아래 눈꺼풀이 불룩함', 10, 11, '', '노화된 얼굴', '', '', '', '', '', '', '', '', '', '', '', '', '', '', '', '', '', '', '', '', '', ''),
	('아랫배가 뭉침', 30, 33, '', '조기 진통', '', '', '', '', '', '', '', '', '', '', '', '', '', '', '', '', '', '', '', '', '', ''),
	('악취', 40, 42, '', '골반 염증성 질환', '급성 질염', '배꼽염', '복압성 요실금', '외이도염', '자궁 상피 내 암종', '자궁경부암', '진주종', '', '', '', '', '', '', '', '', '', '', '', '', '', '', ''),
	('악취가 나는 설사', 40, 44, '', '간내 담석', '위장관 결핵', '', '', '', '', '', '', '', '', '', '', '', '', '', '', '', '', '', '', '', '', ''),
	('안검내반', 10, 11, '', '안검염', '', '', '', '', '', '', '', '', '', '', '', '', '', '', '', '', '', '', '', '', '', ''),
	('안검하수', 10, 11, '', '근육병', '보툴리눔독소증', '중증 근무력증', '', '', '', '', '', '', '', '', '', '', '', '', '', '', '', '', '', '', '', ''),
	('안구 이상', 10, 11, '', '안와 골절', '잠금 증후군', '진행성 핵상마비', '', '', '', '', '', '', '', '', '', '', '', '', '', '', '', '', '', '', '', ''),
	('안구건조', 10, 11, '', '쇼그렌 증후군', '스티븐 존슨 증후군', '', '', '', '', '', '', '', '', '', '', '', '', '', '', '', '', '', '', '', '', ''),
	('안구내 출혈', 10, 11, '', '뇌동맥류', '렙토스피라증', '', '', '', '', '', '', '', '', '', '', '', '', '', '', '', '', '', '', '', '', ''),
	('안구돌출', 10, 11, '', '갑상선기능항진증', '갑상선중독증', '두개 유합증', '스터지 웨버 증후군', '크루존 증후군', '파이퍼 증후군 ', '', '', '', '', '', '', '', '', '', '', '', '', '', '', '', '', ''),
	('안구증대', 10, 11, '', '망막아세포종', '', '', '', '', '', '', '', '', '', '', '', '', '', '', '', '', '', '', '', '', '', ''),
	('안구진탕', 10, 11, '', '다발성 경화증', '베르니케 코시코프 증후군', '이석증', '저마그네슘혈증', '', '', '', '', '', '', '', '', '', '', '', '', '', '', '', '', '', '', ''),
	('안구혼탁', 10, 11, '', '각막 혼탁과 흉터', '각막염', '라임병', '백내장', '설맹', '한센병', '', '', '', '', '', '', '', '', '', '', '', '', '', '', '', '', ''),
	('안면 변형', 10, 51, '', '다운 증후군 ', '무치아증', '선천성 사경 ', '에드워드 증후군 ', '크루존 증후군', '', '', '', '', '', '', '', '', '', '', '', '', '', '', '', '', '', ''),
	('안면마비', 10, 51, '', '길랑-바레 증후군', '모야모야병', '신경초종', '안면 마비', '일과성 뇌허혈증', '타액선암', '', '', '', '', '', '', '', '', '', '', '', '', '', '', '', '', ''),
	('안면부 열상', 10, 15, '', '안면 골절', '', '', '', '', '', '', '', '', '', '', '', '', '', '', '', '', '', '', '', '', '', ''),
	('안면부 출혈', 10, 51, '', '안면 골절', '', '', '', '', '', '', '', '', '', '', '', '', '', '', '', '', '', '', '', '', '', ''),
	('안면홍조', 10, 51, '', '감염성 홍반', '골수증식종양', '성선기능저하증', '소장암', '신경모세포종', '신생아 다혈구증', '조기 폐경', '카르시노이드 증후군', '폐경', '폐경기 및 여성의 갱년기 상태', '', '', '', '', '', '', '', '', '', '', '', '', ''),
	('안쪽 발이 튀어 나옴', 20, 23, '', '선천성 편평발', '', '', '', '', '', '', '', '', '', '', '', '', '', '', '', '', '', '', '', '', '', ''),
	('암점', 10, 11, '', '녹내장', '중심장액성 맥락망막병증', '', '', '', '', '', '', '', '', '', '', '', '', '', '', '', '', '', '', '', '', ''),
	('압통', 30, 33, '', '간농양', '감염성 근육염', '감염성 단핵구증', '결핵성 복막염', '경부 림프절염', '관절염', '근근막 통증 증후군', '근육 긴장성 두통', '두통', '맹장염', '봉와직염', '비루관 폐쇄', '석회성 건염', '스티븐 존슨 증후군', '슬개건염', '슬개골 골절', '오스굿씨 병', '융모양막염', '조갑주위염', '족저 근막염', '췌장염', '표피낭종', '한선염'),
	('앞이 뿌옇게 보임', 10, 11, '', '수정체 탈구', '포도막염', '', '', '', '', '', '', '', '', '', '', '', '', '', '', '', '', '', '', '', '', ''),
	('애착 상대와 분리 거부', 50, 51, '', '분리 불안 장애', '', '', '', '', '', '', '', '', '', '', '', '', '', '', '', '', '', '', '', '', '', ''),
	('야간뇨', 40, 43, '', '간질성 방광염', '배뇨통', '양성 전립선 비대증', '', '', '', '', '', '', '', '', '', '', '', '', '', '', '', '', '', '', '', ''),
	('야뇨증', 40, 43, '', '야뇨증', '울혈성 심부전', '', '', '', '', '', '', '', '', '', '', '', '', '', '', '', '', '', '', '', '', ''),
	('야만적 행위', 50, 51, '', '반사회성 인격장애', '', '', '', '', '', '', '', '', '', '', '', '', '', '', '', '', '', '', '', '', '', ''),
	('야맹', 10, 11, '', '망막색소변성증', '설맹', '야맹증', '', '', '', '', '', '', '', '', '', '', '', '', '', '', '', '', '', '', '', ''),
	('약물남용', 50, 51, '', '경계성 인격장애', '반사회성 인격장애', '', '', '', '', '', '', '', '', '', '', '', '', '', '', '', '', '', '', '', '', ''),
	('약시', 10, 11, '', '안검하수', '', '', '', '', '', '', '', '', '', '', '', '', '', '', '', '', '', '', '', '', '', ''),
	('양막 유착', 40, 43, '', '양수과소증', '', '', '', '', '', '', '', '', '', '', '', '', '', '', '', '', '', '', '', '', '', ''),
	('양무릎사이 벌어짐', 20, 25, '', '내반슬', '', '', '', '', '', '', '', '', '', '', '', '', '', '', '', '', '', '', '', '', '', ''),
	('양반다리로 앉기힘듬', 20, 25, '', '대퇴골두 무혈관성 괴사', '', '', '', '', '', '', '', '', '', '', '', '', '', '', '', '', '', '', '', '', '', ''),
	('양수의 감소', 40, 41, '', '쌍태아 수혈 증후군', '자궁 내 성장 지연', '', '', '', '', '', '', '', '', '', '', '', '', '', '', '', '', '', '', '', '', ''),
	('어깨 움직임의 제한', 20, 24, '', 'VDT 증후군', '관절와순 파열', '동결견', '석회성 건염', '회전근개 증후군', '', '', '', '', '', '', '', '', '', '', '', '', '', '', '', '', '', ''),
	('어깨 잡음', 20, 24, '', '관절와순 파열', '회전근개 증후군', '', '', '', '', '', '', '', '', '', '', '', '', '', '', '', '', '', '', '', '', ''),
	('어깨근육 약화', 20, 24, '', '회전근개 증후군', '', '', '', '', '', '', '', '', '', '', '', '', '', '', '', '', '', '', '', '', '', ''),
	('어깨의 통증', 20, 24, '', 'VDT 증후군', '강직성 척추염', '거북목 증후군', '경추 추간판 탈출증', '관절와순 파열', '대동맥 박리', '동결견', '석회성 건염', '섬유근육통', '유방통', '재발성 견관절 전방 탈구', '회전근개 증후군', '흉부 대동맥류', '희발월경', '', '', '', '', '', '', '', '', ''),
	('어지러움', 10, 17, '', '갈색세포종', '감각신경성 난청', '거북목 증후군', '경동맥 협착증', '고산병', '고혈압 ', '공황 장애', '과다월경', '급성 관동맥 증후군', '기뇌증', '난청', '노쇠', '뇌경색', '뇌졸중', '뇌출혈', '덤핑 증후군', '동기능 부전 증후군', '만성 중이염', '메니에르병', '미로염', '발작성 상심실성 빈맥', '복강 내 출혈', '본히펠린다우 증후군 '),
	('언어장애', 50, 51, '', '경동맥 협착증', '경미한 인지장애', '근위축성 측색 경화증', '근육긴장이상증', '기뇌증', '뇌경색', '뇌동맥 폐쇄', '뇌졸중', '단순 포진성 뇌염', '두개 안면 부조화', '루빈스타인 테이비 증후군 ', '모야모야병', '섬망', '수막종', '실어증', '알츠하이머병', '외상성 치매 ', '일과성 뇌허혈증', '자폐증 / 자폐 스펙트럼 장애', '잠금 증후군', '지적장애', '치매', '파이퍼 증후군 '),
	('얼굴 한쪽의 반점', 10, 15, '', '오타 모반', '', '', '', '', '', '', '', '', '', '', '', '', '', '', '', '', '', '', '', '', '', ''),
	('얼굴모양변화', 10, 15, '', '4번 염색체 단완결실 증후군', '조로증', '지중해빈혈', '치열 궁 관계 이상', '턱뼈 성장 이상', '', '', '', '', '', '', '', '', '', '', '', '', '', '', '', '', '', ''),
	('얼굴부종', 10, 15, '', '뇌하수체 기능 항진', '라싸열', '신경모세포종', '신부전', '안와 골절', '침샘염', '혈관부종', '', '', '', '', '', '', '', '', '', '', '', '', '', '', '', ''),
	('얼굴에 털이 자람', 10, 15, '', '부신 종양', '', '', '', '', '', '', '', '', '', '', '', '', '', '', '', '', '', '', '', '', '', ''),
	('얼굴의 나비모양 홍반', 10, 15, '', '전신 홍반성 낭창', '', '', '', '', '', '', '', '', '', '', '', '', '', '', '', '', '', '', '', '', '', ''),
	('얼굴이 화끈거림', 10, 15, '', '공황 장애', '불안 장애', '신체형 장애', '', '', '', '', '', '', '', '', '', '', '', '', '', '', '', '', '', '', '', ''),
	('얼굴형태의 이상', 10, 15, '', '18번 염색체 단완결실 증후군', '18번 염색체 장완결실 증후군 ', '22번 염색체 장완 미세결실 증후군', '골형성부전증', '구개열', '구순열', '대뇌성 거인증 ', '러셀 실버 증후군 ', '루빈스타인 테이비 증후군 ', '스미스-마제니스 증후군 ', '스티클러 증후군', '슬라이 증후군', '윌리암스 증후군 ', '터너 증후군 ', '트리처 콜린스 증후군 ', '파이퍼 증후군 ', '파타우 증후군', '', '', '', '', '', ''),
	('엄지 발가락의 돌출', 20, 23, '', '무지외반증', '', '', '', '', '', '', '', '', '', '', '', '', '', '', '', '', '', '', '', '', '', ''),
	('엉덩이 통증', 40, 44, '', '강직성 척추염', '', '', '', '', '', '', '', '', '', '', '', '', '', '', '', '', '', '', '', '', '', ''),
	('에너지가 적음', 50, 51, '', '기분부전증', '', '', '', '', '', '', '', '', '', '', '', '', '', '', '', '', '', '', '', '', '', ''),
	('여드름', 10, 15, '', '난소/ 난관 이상', '다낭성 난소 증후군', '모낭염', '부신암', '쿠싱 증후군', '희발월경', '', '', '', '', '', '', '', '', '', '', '', '', '', '', '', '', ''),
	('연속동작의 느림', 20, 26, '', '이차성 파킨슨증', '', '', '', '', '', '', '', '', '', '', '', '', '', '', '', '', '', '', '', '', '', ''),
	('열', 30, 31, '', 'RS바이러스 감염증', '가와사키병', '간내 담석', '간농양', '간문부 담관암', '간염', '감염성 단핵구증', '감염성 홍반', '거대세포 바이러스 질환', '게실 질환', '결절성 다발동맥염', '결핵', '결핵성 골수염', '결핵성 복막염', '결핵성 수막염', '결핵성 임파선염', '경부 림프절염', '고환염', '골반 염증성 질환', '골수염', '골수형성이상증후군', '광견병', '궤양성 대장염'),
	('열감', 30, 31, '', '가스 괴저', '감염성 근육염', '감염성 단핵구증', '골수염', '급성 C형 간염', '단독', '동정맥루 기능부전', '루드비히 안자이나 ', '류마티스 관절염', '방선균증', '봉와직염', '슬개건염', '아킬레스 건염', '욕창 ', '유방 농양', '유잉육종', '이소성 골화증', '임파선염', '파라핀종', '패혈성 관절염', '회음 괴저', '', ''),
	('열수', 20, 23, '', '선천성 손 기형', '', '', '', '', '', '', '', '', '', '', '', '', '', '', '', '', '', '', '', '', '', ''),
	('염좌', 20, 23, '', '선천성 편평발', '', '', '', '', '', '', '', '', '', '', '', '', '', '', '', '', '', '', '', '', '', ''),
	('옆구리 통증', 30, 33, '', '낭성 신장 질환', '맹장염', '면역글로불린 A 신병증', '방광암', '신세포암종', '신우요관 폐색', '신우요관암', '신장 결석', '요관 결석', '요관 협착', '요로 감염', '요로결석', '혈뇨', '', '', '', '', '', '', '', '', '', ''),
	('오리걸음', 20, 25, '', '고관절 이형성증', '내반슬', '', '', '', '', '', '', '', '', '', '', '', '', '', '', '', '', '', '', '', '', ''),
	('오심', 30, 34, '', '간 혈관종', '간경화', '간농양', '간염', '간의 양성 신생물', '결핵성 복막염', '고나트륨혈증', '고마그네슘혈증', '고칼륨혈증', '고칼슘혈증', '고환의 염전', '공황 장애', '교모세포종', '급성 A형 간염', '급성 B형 간염', '급성 관동맥 증후군', '급성 담낭염', '급성 바이러스성 간염', '급성 신부전', '급성 신우신염', '급성 심근경색증', '급성 충수염', '급성 췌장염'),
	('오한', 30, 31, '', '간농양', '감염성 단핵구증', '게실 질환', '공황 장애', '급성 신우신염', '노로바이러스 장염', '뇌염', '늑막염', '단독', '담석', '라임병', '레지오넬라증', '렙토스피라증', '마버그열', '말라리아', '메리오이드증', '모낭염', '반코마이신 내성 장알균 감염증', '반코마이신 내성 황색포도알균 감염증', '발진열', '발진티푸스', '병원 감염성 폐렴', '봉와직염'),
	('오후 우울감 완화', 50, 51, '', '우울증', '', '', '', '', '', '', '', '', '', '', '', '', '', '', '', '', '', '', '', '', '', ''),
	('온몸의 잔털', 30, 33, '', '쿠싱 증후군', '', '', '', '', '', '', '', '', '', '', '', '', '', '', '', '', '', '', '', '', '', ''),
	('온몸이 떨림', 20, 26, '', '공황 장애', '뇌전증', '떨림/ 진전', '신체형 장애', '저혈당증', '털진드기병', '호중구감소증', '호흡성 산증', '', '', '', '', '', '', '', '', '', '', '', '', '', '', ''),
	('와해된 언어', 50, 51, '', '분열정동 장애', '조현병', '', '', '', '', '', '', '', '', '', '', '', '', '', '', '', '', '', '', '', '', ''),
	('와해된 행동', 50, 51, '', '분열정동 장애', '조현병', '', '', '', '', '', '', '', '', '', '', '', '', '', '', '', '', '', '', '', '', ''),
	('왜곡된 신체상', 50, 51, '', '섭식 장애', '', '', '', '', '', '', '', '', '', '', '', '', '', '', '', '', '', '', '', '', '', ''),
	('요관 폐쇄', 40, 43, '', '대동맥 박리', '전립선암', '', '', '', '', '', '', '', '', '', '', '', '', '', '', '', '', '', '', '', '', ''),
	('요도 불쾌감', 40, 43, '', '임질', '', '', '', '', '', '', '', '', '', '', '', '', '', '', '', '', '', '', '', '', '', ''),
	('요독증', 40, 43, '', '선천성 수신증', '신증후성 출혈열', '장출혈성 대장균 감염증', '', '', '', '', '', '', '', '', '', '', '', '', '', '', '', '', '', '', '', ''),
	('요로감염', 40, 43, '', '신우요관 폐색', '양성 전립선 비대증', '요관 협착', '', '', '', '', '', '', '', '', '', '', '', '', '', '', '', '', '', '', '', ''),
	('요정체', 40, 43, '', '보툴리눔독소증', '', '', '', '', '', '', '', '', '', '', '', '', '', '', '', '', '', '', '', '', '', ''),
	('요통', 30, 36, '', '강직성 척추염', '급성 간질성 신염', '급성 신우신염', '난소암', '난소의 양성 종양', '노인성 척추후만증', '대동맥 박리', '복부 대동맥류', '복압성 요실금', '섬유근육통', '소장암', '신경근병증', '신우요관암', '요근 농양', '요족', '요추 전방전위증', '요추 추간판 탈출증', '요추관 협착증', '원발성 월경곤란', '월경전 증후군', '자궁 상피 내 암종', '자궁경부암', '자궁내막증'),
	('우울', 50, 51, '', '경계성 인격장애', '경미한 인지장애', '금단 현상', '병적 도벽', '복합 부위 통증 증후군', '부갑상선기능저하증', '부갑상선기능항진증', '브루셀라증', '산후 우울증', '성인 주의력 결핍 과잉행동장애', '셀리악병', '소아청소년기 우울증', '알츠하이머병', '양극성 장애', '월경전 증후군', '자가면역 질환', '적응 장애', '전신 홍반성 낭창', '쿠싱 증후군', '폐경기 및 여성의 갱년기 상태', '피질하 경색과 백질뇌증을 동반하는 상염색체 우성 뇌동맥질환', '헌팅톤 병', ''),
	('우유부단함', 50, 51, '', '기분부전증', '', '', '', '', '', '', '', '', '', '', '', '', '', '', '', '', '', '', '', '', '', ''),
	('운동 시 호흡곤란', 30, 32, '', '거대적혈모구빈혈', '규폐증', '난원공 개존증', '대동맥 협착', '대동맥 협착증', '만성 기관지염', '만성 폐쇄성 폐질환', '미만성 간질성 폐질환', '선천성 심장 질환', '순수적혈구무형성', '승모판 협착 ', '신동맥 협착증', '심근병증', '심방 중격 결손', '양대혈관 우심실 기시증', '용혈빈혈', '위 정맥류', '재생불량빈혈', '전폐정맥연결 이상', '지중해빈혈', '진폐증', '특발성 폐섬유화증', '팔로 사 징후'),
	('운동 실어증', 50, 51, '', '뇌동맥 폐쇄', '', '', '', '', '', '', '', '', '', '', '', '', '', '', '', '', '', '', '', '', '', ''),
	('운동장애', 20, 26, '', 'Haw River 증후군', '뇌졸중', '뇌종양', '다발성 경화증', '댄디워커 증후군', '듀시엔형 근이영양증 ', '레트 증후군 ', '수막종', '신경초종', '악액질', '연골연화증', '진행성 핵상마비', '척수 종양', '척수소뇌성 운동실조증 ', '척추병증', '크로이츠펠트-야콥병', '테이-삭스병 ', '통풍성 관절염', '', '', '', '', ''),
	('울퉁불퉁한 상처', 10, 15, '', '켈로이드', '흉터', '', '', '', '', '', '', '', '', '', '', '', '', '', '', '', '', '', '', '', '', ''),
	('울혈성 심부전', 30, 31, '', '심근염', '울혈성 심부전', '', '', '', '', '', '', '', '', '', '', '', '', '', '', '', '', '', '', '', '', ''),
	('원한', 50, 51, '', '편집성 인격장애', '', '', '', '', '', '', '', '', '', '', '', '', '', '', '', '', '', '', '', '', '', ''),
	('원형/ 타원형의 탈모', 10, 18, '', '고환 여성화 증후군', '탈모증', '', '', '', '', '', '', '', '', '', '', '', '', '', '', '', '', '', '', '', '', ''),
	('월경과다', 40, 42, '', '갑상선기능저하증', '여성 불임', '자궁내막 용종', '자궁내막 이상증식증', '자궁내막암', '자궁선근증', '자궁의 평활근종', '폰빌레브란트병', '', '', '', '', '', '', '', '', '', '', '', '', '', '', ''),
	('위궤양', 30, 34, '', '헬리코박터균 감염', '', '', '', '', '', '', '', '', '', '', '', '', '', '', '', '', '', '', '', '', '', ''),
	('위염', 30, 34, '', '위염', '헬리코박터균 감염', '', '', '', '', '', '', '', '', '', '', '', '', '', '', '', '', '', '', '', '', ''),
	('위의 연동운동이 보임', 30, 34, '', '영아 비대성 유문협착증', '', '', '', '', '', '', '', '', '', '', '', '', '', '', '', '', '', '', '', '', '', ''),
	('위장관 출혈', 30, 34, '', '게실 질환', '말로리-바이스 증후군', '면역혈소판감소증', '반티 증후군', '소장암', '식도의 평활근종', '십이지장 궤양', '아밀로이드증', '알코올성 간질환', '위 유암종', '위궤양', '위말트 림프종 ', '위용종', '자가면역성 간염', '장간막 정맥 혈전증', '진행성 위암', '혈관염', '', '', '', '', '', ''),
	('위장관의 허혈', 30, 34, '', '대동맥궁 단절', '', '', '', '', '', '', '', '', '', '', '', '', '', '', '', '', '', '', '', '', '', ''),
	('위험한 행동 반복', 50, 51, '', '스미스-마제니스 증후군 ', '행동 및 충동 장애', '', '', '', '', '', '', '', '', '', '', '', '', '', '', '', '', '', '', '', '', ''),
	('유두부종', 30, 35, '', '수두증', '', '', '', '', '', '', '', '', '', '', '', '', '', '', '', '', '', '', '', '', '', ''),
	('유루증', 30, 35, '', '뇌하수체 양성 및 악성 신생물', '눈물흘림증', '', '', '', '', '', '', '', '', '', '', '', '', '', '', '', '', '', '', '', '', ''),
	('유방 크기의 감소', 30, 35, '', '성선기능저하증', '', '', '', '', '', '', '', '', '', '', '', '', '', '', '', '', '', '', '', '', '', ''),
	('유방 통증', 30, 35, '', '유관 확장증', '유방 농양', '유방 종양', '유방암', '유방통', '유선염', '', '', '', '', '', '', '', '', '', '', '', '', '', '', '', '', ''),
	('유방의 과다 성장', 30, 35, '', '부신 종양', '', '', '', '', '', '', '', '', '', '', '', '', '', '', '', '', '', '', '', '', '', ''),
	('유방의 멍울', 30, 35, '', '여성형 유방', '유관 확장증', '유방 농양', '유방 상피내암', '유방 종양', '유방암', '유방의 섬유선종', '유방의 엽상 종양', '유방의 유선관 내 유두종', '', '', '', '', '', '', '', '', '', '', '', '', '', ''),
	('유방의 퇴행', 30, 35, '', '계류 유산', '', '', '', '', '', '', '', '', '', '', '', '', '', '', '', '', '', '', '', '', '', ''),
	('음경이 휘어짐', 40, 45, '', '음경만곡증', '', '', '', '', '', '', '', '', '', '', '', '', '', '', '', '', '', '', '', '', '', ''),
	('음낭 부종', 40, 45, '', '서혜부 탈장', '음낭 내 부속기 염전', '음낭수종', '정계정맥류', '', '', '', '', '', '', '', '', '', '', '', '', '', '', '', '', '', '', ''),
	('음낭에 없는 고환/부고환', 40, 45, '', '18번 염색체 장완결실 증후군 ', '22번 염색체 장완 미세결실 증후군', '누난 증후군 ', '안드로겐 불감성 증후군 ', '', '', '', '', '', '', '', '', '', '', '', '', '', '', '', '', '', '', ''),
	('음낭이 작아 보임', 40, 45, '', '잠복고환증', '', '', '', '', '', '', '', '', '', '', '', '', '', '', '', '', '', '', '', '', '', ''),
	('음낭이 잘 발달하지 않음', 40, 45, '', '성선기능저하증', '잠복고환증', '', '', '', '', '', '', '', '', '', '', '', '', '', '', '', '', '', '', '', '', ''),
	('음모가 적거나 없음', 40, 45, '', '무모증', '', '', '', '', '', '', '', '', '', '', '', '', '', '', '', '', '', '', '', '', '', ''),
	('음성피로', 10, 16, '', '성대와 후두 결절', '성대와 후두 용종', '', '', '', '', '', '', '', '', '', '', '', '', '', '', '', '', '', '', '', '', ''),
	('음식섭취 거부', 50, 51, '', '섭식 장애', '', '', '', '', '', '', '', '', '', '', '', '', '', '', '', '', '', '', '', '', '', ''),
	('음핵비대', 40, 42, '', '모호한 생식기', '선천성 부신과다 형성증', '', '', '', '', '', '', '', '', '', '', '', '', '', '', '', '', '', '', '', '', ''),
	('의식 변화', 50, 51, '', '거대적혈모구빈혈', '고산병', '고칼슘혈증', '과호흡 증후군', '뇌경색', '뇌동맥류', '뇌출혈', '단순 포진성 뇌염', '베르니케 코시코프 증후군', '심장신경성 실신', '열사병', '외상에 의한 뇌 손상', '원발성 중추신경계 림프종', '이물질에 의한 기도 막힘', '익수', '일본 뇌염', '자발성 두개강 내 출혈', '저나트륨혈증', '저마그네슘혈증', '척수병증', '호흡성 산증', '화상', ''),
	('의식 불명', 50, 51, '', '아나필락시스', '', '', '', '', '', '', '', '', '', '', '', '', '', '', '', '', '', '', '', '', '', ''),
	('의식 저하', 50, 51, '', '뇌동맥 폐쇄', '뇌염', '뇌전증', '뇌출혈', '당뇨병성 케톤산증 ', '댄디워커 증후군', '부신 기능부전', '성인 호흡곤란 증후군', '시트룰닌혈증', '요독증', '요붕증', '음식 알레르기', '일산화탄소 중독', '저체온증', '저혈당증', '점액수종 혼수', '지주막하 출혈', '파종혈관내응고', '패혈증', '', '', '', ''),
	('의심', 50, 51, '', '강박 장애', '경계성 인격장애', '편집성 인격장애', '', '', '', '', '', '', '', '', '', '', '', '', '', '', '', '', '', '', '', ''),
	('이가 시림', 10, 13, '', '근단 주위 농양', '치아 우식증[충치]', '', '', '', '', '', '', '', '', '', '', '', '', '', '', '', '', '', '', '', '', ''),
	('이마가 넓어짐', 10, 15, '', '탈모증', '', '', '', '', '', '', '', '', '', '', '', '', '', '', '', '', '', '', '', '', '', ''),
	('이마의 주름', 10, 15, '', '노화', '안검하수', '', '', '', '', '', '', '', '', '', '', '', '', '', '', '', '', '', '', '', '', ''),
	('이명', 10, 14, '', '감각신경성 난청', '고막염', '급성 중이염', '난청', '만성 중이염', '메니에르병', '삼출성 중이염', '신경초종', '외상에 의한 고막 천공', '전정신경염', '척추 뇌저 동맥 증후군', '청신경초종', '', '', '', '', '', '', '', '', '', '', ''),
	('이물감', 10, 16, '', '고막염', '안검염', '자궁 육종', '', '', '', '', '', '', '', '', '', '', '', '', '', '', '', '', '', '', '', ''),
	('이상한 소리를 냄', 50, 51, '', '뚜렛 증후군', '틱 장애', '', '', '', '', '', '', '', '', '', '', '', '', '', '', '', '', '', '', '', '', ''),
	('이상행동', 50, 51, '', '광우병', '분열정동 장애', '신경성 식욕부진증', '', '', '', '', '', '', '', '', '', '', '', '', '', '', '', '', '', '', '', ''),
	('이성의 옷을 착용함', 50, 51, '', '의상도착증', '', '', '', '', '', '', '', '', '', '', '', '', '', '', '', '', '', '', '', '', '', ''),
	('이완성 마비', 20, 26, '', '소아마비', '', '', '', '', '', '', '', '', '', '', '', '', '', '', '', '', '', '', '', '', '', ''),
	('이인증', 50, 51, '', '해리 장애', '', '', '', '', '', '', '', '', '', '', '', '', '', '', '', '', '', '', '', '', '', ''),
	('이중음성', 10, 16, '', '성대와 후두 결절', '성대와 후두 용종', '', '', '', '', '', '', '', '', '', '', '', '', '', '', '', '', '', '', '', '', ''),
	('이중턱', 10, 15, '', '노화된 얼굴', '', '', '', '', '', '', '', '', '', '', '', '', '', '', '', '', '', '', '', '', '', ''),
	('이폐색감', 10, 14, '', '급성 중이염', '메니에르병', '삼출성 중이염', '', '', '', '', '', '', '', '', '', '', '', '', '', '', '', '', '', '', '', ''),
	('인내심이 부족함', 50, 51, '', '성인 주의력 결핍 과잉행동장애', '주의력결핍 과잉행동장애', '', '', '', '', '', '', '', '', '', '', '', '', '', '', '', '', '', '', '', '', ''),
	('인설', 10, 15, '', '건선', '어루러기', '지루성 피부염', '천포창', '탈락 피부염', '', '', '', '', '', '', '', '', '', '', '', '', '', '', '', '', '', ''),
	('인지장애', 50, 51, '', '간성 뇌증', '거스트만 증후군', '과호흡 증후군', '뇌성 마비', '다발성 경화증', '레트 증후군 ', '루빈스타인 테이비 증후군 ', '스미스-마제니스 증후군 ', '안면인식장애', '외상성 치매 ', '잠금 증후군', '진행성 핵상마비', '크로이츠펠트-야콥병', '혈관성 치매', '', '', '', '', '', '', '', '', ''),
	('읽기 자체의 문제', 50, 51, '', '얼렌 증후군', '', '', '', '', '', '', '', '', '', '', '', '', '', '', '', '', '', '', '', '', '', ''),
	('읽기/쓰기 능력 부족', 50, 51, '', '난독증', '', '', '', '', '', '', '', '', '', '', '', '', '', '', '', '', '', '', '', '', '', ''),
	('읽으려 하지 않음', 50, 51, '', '얼렌 증후군', '', '', '', '', '', '', '', '', '', '', '', '', '', '', '', '', '', '', '', '', '', ''),
	('임신 오조증', 40, 41, '', '포상기태', '', '', '', '', '', '', '', '', '', '', '', '', '', '', '', '', '', '', '', '', '', ''),
	('임신 주수보다 작은 배', 40, 41, '', '자궁 내 성장 지연', '', '', '', '', '', '', '', '', '', '', '', '', '', '', '', '', '', '', '', '', '', ''),
	('임신중 배의 크기가 줄어듦', 40, 41, '', '양수과소증', '', '', '', '', '', '', '', '', '', '', '', '', '', '', '', '', '', '', '', '', '', ''),
	('입 주변 부종', 10, 13, '', '구순염', '매복 사랑니', '발육성 치성 낭종', '쇼그렌 증후군', '음식 알레르기', '턱의 기타 낭증', '혈관부종', '', '', '', '', '', '', '', '', '', '', '', '', '', '', '', ''),
	('입수면기의 환각', 50, 51, '', '기면증', '수면 장애', '', '', '', '', '', '', '', '', '', '', '', '', '', '', '', '', '', '', '', '', ''),
	('입술 갈라짐', 10, 13, '', '구순염', '', '', '', '', '', '', '', '', '', '', '', '', '', '', '', '', '', '', '', '', '', ''),
	('입술/ 입천장의 기형', 10, 13, '', '22번 염색체 장완 미세결실 증후군', '구순열', '두개 안면 부조화', '스티클러 증후군', '에이퍼트 증후군 ', '칼만 증후군', '파타우 증후군', '', '', '', '', '', '', '', '', '', '', '', '', '', '', '', ''),
	('잇몸 위축', 10, 13, '', '포르피린증', '', '', '', '', '', '', '', '', '', '', '', '', '', '', '', '', '', '', '', '', '', ''),
	('잇몸염증', 10, 13, '', '근단 주위 농양', '만성 치주염', '치은염', '', '', '', '', '', '', '', '', '', '', '', '', '', '', '', '', '', '', '', ''),
	('자궁 수축', 40, 41, '', '아두골반 불균형', '조기 진통', '태반 조기 박리', '', '', '', '', '', '', '', '', '', '', '', '', '', '', '', '', '', '', '', ''),
	('자반증', 10, 15, '', '결절성 다발동맥염', '미세혈관병용혈빈혈', '용혈성 요독 증후군', '한랭글로불린혈증', '헤노호 쉰라인 자반증', '', '', '', '', '', '', '', '', '', '', '', '', '', '', '', '', '', ''),
	('자살의 위험', 50, 51, '', '경계성 인격장애', '우울증', '', '', '', '', '', '', '', '', '', '', '', '', '', '', '', '', '', '', '', '', ''),
	('자세 불안정', 20, 26, '', '간성 뇌증', '비정형 파킨슨 증후군', '파킨슨병', '헌팅톤 병', '', '', '', '', '', '', '', '', '', '', '', '', '', '', '', '', '', '', ''),
	('자세이상', 30, 36, '', '비정형 파킨슨 증후군', '요추 전방전위증', '척수수막류', '파킨슨병', '', '', '', '', '', '', '', '', '', '', '', '', '', '', '', '', '', '', ''),
	('자율신경장애', 60, 61, '', 'WPW 증후군', '대동맥판막 기능부전 ', '대동맥판막 협착 ', '동기능 부전 증후군', '서맥', '설인신경통', '심장신경성 실신', '저혈압', '척추병증', '', '', '', '', '', '', '', '', '', '', '', '', '', ''),
	('자제력 상실 두려움', 50, 51, '', '섭식 장애', '', '', '', '', '', '', '', '', '', '', '', '', '', '', '', '', '', '', '', '', '', ''),
	('작열감', 10, 13, '', '구순포진', '급성 방광염', '급성 질염', '노인성 질염 ', '단순 포진', '바렛 식도', '복합 부위 통증 증후군', '설통', '식도염', '안구 건조증', '위궤양', '트리코모나스증', '하지 정맥류', '호중구감소증', '', '', '', '', '', '', '', '', ''),
	('잔뇨감', 40, 43, '', '급성 신우신염', '만성 전립선염', '배뇨통', '양성 전립선 비대증', '요로 감염', '요로결석', '자궁경부염', '', '', '', '', '', '', '', '', '', '', '', '', '', '', '', ''),
	('잔변감', 30, 39, '', '대장암', '변비', '아메바성 이질', '항문 및 직장의 궤양', '', '', '', '', '', '', '', '', '', '', '', '', '', '', '', '', '', '', ''),
	('장마비', 30, 39, '', '외상에 의한 척수 손상', '', '', '', '', '', '', '', '', '', '', '', '', '', '', '', '', '', '', '', '', '', ''),
	('장액성 분비물', 30, 35, '', '농가진', '옻 중독', '이루증', '한선염', '', '', '', '', '', '', '', '', '', '', '', '', '', '', '', '', '', '', ''),
	('장폐색', 30, 39, '', '대사성 알칼리증', '대장 용종', '메켈 게실', '보툴리눔독소증', '소장암', '십이지장 궤양', '장염전', '장폐색', '', '', '', '', '', '', '', '', '', '', '', '', '', '', ''),
	('잦은 딸꾹질', 30, 32, '', '식도이완불능증', '', '', '', '', '', '', '', '', '', '', '', '', '', '', '', '', '', '', '', '', '', ''),
	('잦은 상기도 감염', 10, 16, '', '22번 염색체 장완 미세결실 증후군', '심방 중격 결손', '재생불량빈혈', '전폐정맥연결 이상', '', '', '', '', '', '', '', '', '', '', '', '', '', '', '', '', '', '', ''),
	('재채기', 10, 12, '', '꽃가루 알레르기', '냉방병', '만성 비염', '상기도 감염', '알레르기 비염', '', '', '', '', '', '', '', '', '', '', '', '', '', '', '', '', '', ''),
	('저림', 20, 21, '22', 'VDT 증후군', '거대적혈모구빈혈', '경추 추간판 탈출증', '다발성 신경병증', '당뇨병', '당뇨병성 말초신경병증', '당뇨병성 족부 질환', '대동맥 협착증', '대사성 알칼리증', '동맥색전증 및 혈전증', '레리시 증후군', '레이노병', '부갑상선기능저하증', '섬유근육통', '손목 수근관 증후군', '신경종', '신체형 장애', '아나필락시스', '요추 전방전위증', '요추 추간판 탈출증', '요추관 협착증', '요통', '원위 요골과 척골 골절'),
	('저산소증', 30, 31, '', '기관지폐 형성이상', '양수색전증', '태변 흡인 증후군', '특발성 폐섬유화증', '', '', '', '', '', '', '', '', '', '', '', '', '', '', '', '', '', '', ''),
	('저심박출량', 30, 31, '', '대동맥궁 단절', '탈락 피부염', '', '', '', '', '', '', '', '', '', '', '', '', '', '', '', '', '', '', '', '', ''),
	('저작장애', 10, 13, '', '무치아증', '안면 골절', '치열 궁 관계 이상', '턱뼈 성장 이상', '', '', '', '', '', '', '', '', '', '', '', '', '', '', '', '', '', '', ''),
	('저체온', 30, 31, '', '로하드 증후군', '복강 내 출혈', '신생아 괴사성 장염', '익수', '점액수종 혼수', '', '', '', '', '', '', '', '', '', '', '', '', '', '', '', '', '', ''),
	('저체중', 30, 31, '', '러셀 실버 증후군 ', '반응성 애착장애', '선천성 거대결장증', '윌리암스 증후군 ', '', '', '', '', '', '', '', '', '', '', '', '', '', '', '', '', '', '', ''),
	('저혈당', 30, 31, '', '뇌하수체 기능부전', '덤핑 증후군', '러셀 실버 증후군 ', '베크위트-위드만 증후군', '부신 기능부전', '신생아 다혈구증', '카르니틴 팔미토일 전환효소 결핍증 2형', '', '', '', '', '', '', '', '', '', '', '', '', '', '', '', ''),
	('저혈량 쇼크', 30, 31, '', '급성 신부전', '대동맥 박리', '파종혈관내응고', '', '', '', '', '', '', '', '', '', '', '', '', '', '', '', '', '', '', '', ''),
	('저혈압', 30, 31, '', '고마그네슘혈증', '금단 현상', '뇌하수체 기능부전', '문맥색전증', '반코마이신 내성 장알균 감염증', '반코마이신 내성 황색포도알균 감염증', '복강 내 출혈', '복막염', '부신 기능부전', '비브리오 패혈증', '비정상적 자궁/ 질 출혈', '선천성 부신과다 형성증', '설인신경통', '소장의 혈관 장애', '신경성 식욕부진증', '신증후성 출혈열', '심낭 압전', '심낭염', '심내막염', '아나필락시스', '양수색전증', '열사병', '외상에 의한 척추 손상'),
	('적색의 각질화된 피부', 30, 33, '', '광선 각화증', '사타구니 백선', '편평 태선', '', '', '', '', '', '', '', '', '', '', '', '', '', '', '', '', '', '', '', ''),
	('전신 부종', 30, 31, '', '간신 증후군', '갑상선기능저하증', '급성 신부전', '말기 신질환', '면역글로불린 A 신병증', '미세변화 신증후군', '복수', '부신암', '사구체신염', '신부전', '신증후군', '온전한 심실 중격을 가진 폐동맥 폐쇄', '요독증', '용혈성 요독 증후군', '자가면역성 간염', '자간전증', '자간증', '점액수종 혼수', '캐슬만병', '호산구 증가증', '', '', ''),
	('전신 통증', 30, 31, '', '만성 피로 증후군', '섬유근육통', '', '', '', '', '', '', '', '', '', '', '', '', '', '', '', '', '', '', '', '', ''),
	('점 안에 다른 색 피부', 30, 33, '', '악성 흑색종', '피부암', '', '', '', '', '', '', '', '', '', '', '', '', '', '', '', '', '', '', '', '', ''),
	('점막변화', 30, 33, '', '가와사키병', '', '', '', '', '', '', '', '', '', '', '', '', '', '', '', '', '', '', '', '', '', ''),
	('점상 출혈', 30, 33, '', '두개골 골절', '면역혈소판감소증', '범혈구감소증', '에볼라 출혈열', '재생불량빈혈', '처그 스트라우스 증후군', '파종혈관내응고', '폰빌레브란트병', '프로피온산증', '혈관염', '혈소판 이상', '흑사병', '', '', '', '', '', '', '', '', '', '', ''),
	('점액변', 40, 44, '', '궤양성 대장염', '대장 용종', '대장암', '대장염', '대장의 양성 종양', '자극성 장 증후군', '장중첩증', '직장의 양성 종양', '', '', '', '', '', '', '', '', '', '', '', '', '', '', ''),
	('접촉도착증', 50, 51, '', '성도착증', '', '', '', '', '', '', '', '', '', '', '', '', '', '', '', '', '', '', '', '', '', ''),
	('정상적인 성생활 불가능', 40, 45, '', '요도하열', '', '', '', '', '', '', '', '', '', '', '', '', '', '', '', '', '', '', '', '', '', ''),
	('정서 및 행동의 일탈', 50, 51, '', '산필리포 증후군', '행동 및 충동 장애', '', '', '', '', '', '', '', '', '', '', '', '', '', '', '', '', '', '', '', '', ''),
	('정서장애', 50, 51, '', '지적장애', '', '', '', '', '', '', '', '', '', '', '', '', '', '', '', '', '', '', '', '', '', ''),
	('정서적 둔마', 50, 51, '', '조현병', '', '', '', '', '', '', '', '', '', '', '', '', '', '', '', '', '', '', '', '', '', ''),
	('정신 지체', 50, 51, '', '18번 염색체 단완결실 증후군', '18번 염색체 장완결실 증후군 ', 'Haw River 증후군', '거대세포 바이러스 질환', '결절성 경화증 ', '광우병', '누난 증후군 ', '대뇌성 거인증 ', '댄디워커 증후군', '레트 증후군 ', '루빈스타인 테이비 증후군 ', '모세혈관 확장성 운동실조 증후군 ', '묘성 증후군', '부갑상선기능저하증', '산필리포 증후군', '에드워드 증후군 ', '에이퍼트 증후군 ', '엔젤만 증후군', '자폐증 / 자폐 스펙트럼 장애', '지적장애', '코넬리아드랑게 증후군 ', '크루존 증후군', '파이퍼 증후군 '),
	('정신 혼미', 50, 51, '', '뇌염', '지중해빈혈', '', '', '', '', '', '', '', '', '', '', '', '', '', '', '', '', '', '', '', '', ''),
	('정체감 혼란 및 변형', 50, 51, '', '해리 장애', '', '', '', '', '', '', '', '', '', '', '', '', '', '', '', '', '', '', '', '', '', ''),
	('조급증', 50, 51, '', '알츠하이머병', '', '', '', '', '', '', '', '', '', '', '', '', '', '', '', '', '', '', '', '', '', ''),
	('조절할 수 없는 충동감', 50, 51, '', '경계성 인격장애', '인터넷 중독', '행동 및 충동 장애', '', '', '', '', '', '', '', '', '', '', '', '', '', '', '', '', '', '', '', ''),
	('졸림', 50, 51, '', '결핵성 수막염', '', '', '', '', '', '', '', '', '', '', '', '', '', '', '', '', '', '', '', '', '', ''),
	('좁은 공간에서의 불안감', 50, 51, '', '폐소공포증', '', '', '', '', '', '', '', '', '', '', '', '', '', '', '', '', '', '', '', '', '', ''),
	('종아리 근육의 비대', 20, 25, '', '근육병', '', '', '', '', '', '', '', '', '', '', '', '', '', '', '', '', '', '', '', '', '', ''),
	('종양부위 부종', 10, 13, '', '구강암', '뼈의 신생물', '안암', '연부조직 전이', '전이 암', '타액선암', '', '', '', '', '', '', '', '', '', '', '', '', '', '', '', '', ''),
	('주먹을 쥐기 힘듬', 20, 23, '', '전신 경화증', '', '', '', '', '', '', '', '', '', '', '', '', '', '', '', '', '', '', '', '', '', ''),
	('주변시야손상', 10, 11, '', '녹내장', '', '', '', '', '', '', '', '', '', '', '', '', '', '', '', '', '', '', '', '', '', ''),
	('죽음에 대한 공포', 50, 51, '', '공황 장애', '', '', '', '', '', '', '', '', '', '', '', '', '', '', '', '', '', '', '', '', '', ''),
	('중심시력감소', 10, 11, '', '녹내장', '베스트 난황형 황반부 이영양증 ', '', '', '', '', '', '', '', '', '', '', '', '', '', '', '', '', '', '', '', '', ''),
	('중이염소견', 10, 14, '', '터너 증후군 ', '', '', '', '', '', '', '', '', '', '', '', '', '', '', '', '', '', '', '', '', '', ''),
	('증상의 일중변동', 10, 11, '', '사시', '', '', '', '', '', '', '', '', '', '', '', '', '', '', '', '', '', '', '', '', '', ''),
	('지남력 장애', 50, 51, '', '거스트만 증후군', '대사성 알칼리증', '베르니케 코시코프 증후군', '사이트린 결핍', '치매', '호흡성 산증', '', '', '', '', '', '', '', '', '', '', '', '', '', '', '', '', ''),
	('지방변', 40, 44, '', '단장 증후군', '만성 췌장염', '신생아 답즙정체증', '췌장암', '', '', '', '', '', '', '', '', '', '', '', '', '', '', '', '', '', '', ''),
	('지속 발기', 40, 45, '', '음경 발기지속증', '', '', '', '', '', '', '', '', '', '', '', '', '', '', '', '', '', '', '', '', '', ''),
	('지속적인 애성', 10, 16, '', '성대와 후두 결절', '성대와 후두 용종', '', '', '', '', '', '', '', '', '', '', '', '', '', '', '', '', '', '', '', '', ''),
	('지연뇨', 40, 43, '', '양성 전립선 비대증', '', '', '', '', '', '', '', '', '', '', '', '', '', '', '', '', '', '', '', '', '', ''),
	('직무 태만', 50, 51, '', '반사회성 인격장애', '', '', '', '', '', '', '', '', '', '', '', '', '', '', '', '', '', '', '', '', '', ''),
	('진한 소변색', 40, 43, '', '간문부 담관암', '간신 증후군', '간염', '급성 A형 간염', '급성 B형 간염', '급성 C형 간염', '담관암', '만성 B형 간염', '바터 팽대부 암', '복압성 요실금', '선천성 담관 폐쇄증', '신생아 답즙정체증', '자가면역용혈질환', '총담관 낭', '혈뇨', '', '', '', '', '', '', '', ''),
	('질 밖으로 빠지는 느낌', 40, 42, '', '자궁 탈출증', '', '', '', '', '', '', '', '', '', '', '', '', '', '', '', '', '', '', '', '', '', ''),
	('질병에 대한 공포', 50, 51, '', '건강염려증', '', '', '', '', '', '', '', '', '', '', '', '', '', '', '', '', '', '', '', '', '', ''),
	('질식', 30, 32, '', '양수과소증', '이물질에 의한 기도 막힘', '', '', '', '', '', '', '', '', '', '', '', '', '', '', '', '', '', '', '', '', ''),
	('질에서 소변이 나옴', 40, 42, '', '방광질 누공', '융모막암종', '', '', '', '', '', '', '', '', '', '', '', '', '', '', '', '', '', '', '', '', ''),
	('질은 없거나 짧은 맹관', 40, 42, '', '고환 여성화 증후군', '', '', '', '', '', '', '', '', '', '', '', '', '', '', '', '', '', '', '', '', '', ''),
	('질의 건조함', 40, 42, '', '노인성 질염 ', '뇌하수체 기능부전', '뇌하수체 양성 및 악성 신생물', '성기능장애', '쇼그렌 증후군', '', '', '', '', '', '', '', '', '', '', '', '', '', '', '', '', '', ''),
	('질투', 50, 51, '', '편집성 인격장애', '', '', '', '', '', '', '', '', '', '', '', '', '', '', '', '', '', '', '', '', '', ''),
	('차갑고 축축한 피부', 30, 33, '', '열 피로', '', '', '', '', '', '', '', '', '', '', '', '', '', '', '', '', '', '', '', '', '', ''),
	('창백', 10, 15, '', '갑상선기능저하증', '거대적혈모구빈혈', '과숙아/ 만기 후 출산아', '구루병', '구획 증후군', '급성 심근경색증', '급성골수성백혈병', '다발골수종', '동상', '메켈 게실', '발육부전성 좌심 증후군', '발작성야간혈색뇨', '범혈구감소증', '복강 내 출혈', '사이트린 결핍', '소적혈구빈혈', '순수적혈구무형성', '용혈빈혈', '위장관 출혈', '자가면역용혈질환', '자궁 외 임신', '재생불량빈혈', '저혈당증'),
	('척추 측만', 30, 36, '', '22번 염색체 장완 미세결실 증후군', '근육병', '스티클러 증후군', '신경섬유종', '연골무형성증', '', '', '', '', '', '', '', '', '', '', '', '', '', '', '', '', '', ''),
	('척추 후만', 30, 36, '', '골다공증', '스티클러 증후군', '슬라이 증후군', '연골무형성증', '', '', '', '', '', '', '', '', '', '', '', '', '', '', '', '', '', '', ''),
	('척추와 허리 디스크', 30, 36, '', '무지외반증', '', '', '', '', '', '', '', '', '', '', '', '', '', '', '', '', '', '', '', '', '', ''),
	('천명음', 30, 32, '', '급성 기관지염', '기관지확장증', '만성 폐쇄성 폐질환', '성인 호흡곤란 증후군', '소세포성 폐암', '소화관의 이물', '아스페르길루스증', '양성 종격동 종양', '재발성 천명', '처그 스트라우스 증후군', '천식', '후두암', '', '', '', '', '', '', '', '', '', '', ''),
	('천식', 30, 32, '', '기관지폐 형성이상', '새집 증후군', '소장암', '처그 스트라우스 증후군', '카르시노이드 증후군', '', '', '', '', '', '', '', '', '', '', '', '', '', '', '', '', '', ''),
	('철결핍성 빈혈', 30, 31, '', '괴혈병', '메켈 게실', '', '', '', '', '', '', '', '', '', '', '', '', '', '', '', '', '', '', '', '', ''),
	('청각과민', 10, 14, '', '안면 마비', '테이-삭스병 ', '', '', '', '', '', '', '', '', '', '', '', '', '', '', '', '', '', '', '', '', ''),
	('청력장애', 10, 14, '', '22번 염색체 장완 미세결실 증후군', '감각신경성 난청', '거대세포 바이러스 질환', '고막염', '골형성부전증', '구개열', '급성 중이염', '난청', '노인성 난청', '두개 유합증', '라싸열', '만성 중이염', '메니에르병', '바르덴부르크 증후군', '부신백질이영양증', '삼출성 중이염', '소이증', '스티클러 증후군', '신경초종', '외상에 의한 고막 천공', '외이도염', '진주종', '청신경초종'),
	('청색증', 30, 33, '', 'RS바이러스 감염증', '금단 현상', '단심실', '대혈관 전위', '동맥간증', '동상', '레이노병', '발육부전성 좌심 증후군', '상대정맥 증후군', '선천성 심장 질환', '성인 호흡곤란 증후군', '수정대혈관 전위', '신생아 다혈구증', '신생아 호흡곤란증후군', '심방 중격 결손', '심부정맥 색전증', '양대혈관 우심실 기시증', '양방단실유입증', '엡스테인 심기형', '온전한 심실 중격을 가진 폐동맥 폐쇄', '울혈성 심부전', '이물질에 의한 기도 막힘', '전폐정맥연결 이상'),
	('체모감소', 30, 33, '', '두부 백선', '모낭염', '부갑상선기능저하증', '부신 기능부전', '성선기능저하증', '스티븐 존슨 증후군', '자가면역 질환', '접촉 피부염', '조로증', '', '', '', '', '', '', '', '', '', '', '', '', '', ''),
	('체중감소', 30, 33, '', '각기병', '간 전이', '간경화', '간문부 담관암', '간세포성 암종', '갑상선중독증', '결핵', '결핵성 골수염', '결핵성 복막염', '결핵성 임파선염', '경화성 담관염', '계류 유산', '궤양성 대장염', '급성골수성백혈병', '급성림프모구백혈병', '기관지확장증', '기쿠치병', '노쇠', '노카르디아증', '단장 증후군', '담관암', '담낭암', '당뇨병'),
	('체중증가', 30, 33, '', '갑상선기능저하증', '로하드 증후군', '복수', '신경성 폭식증', '자가면역 질환', '자가면역성 갑상선염', '', '', '', '', '', '', '', '', '', '', '', '', '', '', '', '', ''),
	('초록색 구토', 30, 34, '', '선천성 소장 결손/ 폐쇄 및 협착', '', '', '', '', '', '', '', '', '', '', '', '', '', '', '', '', '', '', '', '', '', ''),
	('초조함', 50, 51, '', '기억상실증', '불안 장애', '산후 우울증', '섬망', '소아청소년기 우울증', '', '', '', '', '', '', '', '', '', '', '', '', '', '', '', '', '', ''),
	('촘촘하게 난 털', 30, 33, '', '다모증', '', '', '', '', '', '', '', '', '', '', '', '', '', '', '', '', '', '', '', '', '', ''),
	('추위를 못견딤', 30, 31, '', '갑상선기능저하증', '뇌하수체 기능부전', '', '', '', '', '', '', '', '', '', '', '', '', '', '', '', '', '', '', '', '', ''),
	('축 늘어짐', 30, 33, '', '발육부전성 좌심 증후군', '부비동염', '수두증', '신경모세포종', '총동맥간증', '', '', '', '', '', '', '', '', '', '', '', '', '', '', '', '', '', ''),
	('출혈 경향성', 30, 31, '', '골수증식종양', '골수형성이상증후군', '괴혈병', '급성골수성백혈병', '급성림프모구백혈병', '다발골수종', '만성골수백혈병', '만성림프구백혈병', '말기 신질환', '면역혈소판감소증', '발작성야간혈색뇨', '백혈병', '신생아 답즙정체증', '아밀로이드증', '양수색전증', '요독증', '응고 장애', '자가면역성 간염', '재생불량빈혈', '전격성 간염', '파종혈관내응고', '폰빌레브란트병', '프로피온산증'),
	('충동 조절 어려움', 50, 51, '', '병적 도벽', '성인 주의력 결핍 과잉행동장애', '인터넷 중독', '', '', '', '', '', '', '', '', '', '', '', '', '', '', '', '', '', '', '', ''),
	('충동적 도벽', 50, 51, '', '병적 도벽', '', '', '', '', '', '', '', '', '', '', '', '', '', '', '', '', '', '', '', '', '', ''),
	('치근단 부위 부종', 10, 13, '', '근단 주위 농양', '치근낭', '', '', '', '', '', '', '', '', '', '', '', '', '', '', '', '', '', '', '', '', ''),
	('치매', 50, 51, '', '광우병', '아밀로이드증', '진행성 핵상마비', '피질하 경색과 백질뇌증을 동반하는 상염색체 우성 뇌동맥질환', '', '', '', '', '', '', '', '', '', '', '', '', '', '', '', '', '', '', ''),
	('치아 벌어짐', 10, 13, '', '만성 치주염', '', '', '', '', '', '', '', '', '', '', '', '', '', '', '', '', '', '', '', '', '', ''),
	('치아 통증', 10, 13, '', '만성 치주염', '매복 사랑니', '치아 우식증[충치]', '치주 농양', '', '', '', '', '', '', '', '', '', '', '', '', '', '', '', '', '', '', ''),
	('치아 흔들림', 10, 13, '', '구강암', '만성 치주염', '안면 골절', '치근낭', '', '', '', '', '', '', '', '', '', '', '', '', '', '', '', '', '', '', ''),
	('치아가 솟은 느낌', 10, 13, '', '만성 치주염', '', '', '', '', '', '', '', '', '', '', '', '', '', '', '', '', '', '', '', '', '', ''),
	('치아발달장애', 10, 13, '', '구개열', '구순열', '부갑상선기능저하증', '', '', '', '', '', '', '', '', '', '', '', '', '', '', '', '', '', '', '', ''),
	('치아의 탈락', 10, 13, '', '안면 골절', '', '', '', '', '', '', '', '', '', '', '', '', '', '', '', '', '', '', '', '', '', ''),
	('치핵의 탈출', 40, 44, '', '치핵', '탈항', '', '', '', '', '', '', '', '', '', '', '', '', '', '', '', '', '', '', '', '', ''),
	('침 분비 증가', 10, 13, '', '소화관의 이물', '식도의 이물', '', '', '', '', '', '', '', '', '', '', '', '', '', '', '', '', '', '', '', '', ''),
	('침침함', 10, 11, '', '인슐린 비의존성 당뇨병', '', '', '', '', '', '', '', '', '', '', '', '', '', '', '', '', '', '', '', '', '', ''),
	('커지지 않는 자궁', 40, 43, '', '계류 유산', '', '', '', '', '', '', '', '', '', '', '', '', '', '', '', '', '', '', '', '', '', ''),
	('코 옆과 입꼬리 주름', 10, 15, '', '노화', '노화된 얼굴', '', '', '', '', '', '', '', '', '', '', '', '', '', '', '', '', '', '', '', '', ''),
	('코가 삐뚤어짐', 10, 12, '', '비 변형', '', '', '', '', '', '', '', '', '', '', '', '', '', '', '', '', '', '', '', '', '', ''),
	('코골이', 10, 12, '', '비용종', '비중격 만곡', '아데노이드의 비대를 동반한 편도의 비대', '', '', '', '', '', '', '', '', '', '', '', '', '', '', '', '', '', '', '', ''),
	('코막힘', 10, 12, '', 'RS바이러스 감염증', '군발성 두통 증후군', '냉방병', '만성 기침', '만성 부비동염', '만성 비염', '부비동염', '비부비동 종양', '비용종', '비인두 종양', '비중격 만곡', '상기도 감염', '새집 증후군', '알레르기 비염', '', '', '', '', '', '', '', '', ''),
	('코의 기형 동반', 10, 12, '', '루빈스타인 테이비 증후군 ', '양안격리증', '', '', '', '', '', '', '', '', '', '', '', '', '', '', '', '', '', '', '', '', ''),
	('코의 모공이 커짐', 10, 12, '', '딸기코', '', '', '', '', '', '', '', '', '', '', '', '', '', '', '', '', '', '', '', '', '', ''),
	('코플릭 반점', 10, 15, '', '스티븐 존슨 증후군', '홍역', '', '', '', '', '', '', '', '', '', '', '', '', '', '', '', '', '', '', '', '', ''),
	('콧물', 10, 12, '', 'RS바이러스 감염증', '군발성 두통 증후군', '급성 C형 간염', '냉방병', '디프테리아', '레지오넬라증', '만성 비염', '바이러스성 장염', '백일해', '부비동염', '비용종', '상기도 감염', '알레르기 비염', '음식 알레르기', '파라인플루엔자 감염증', '홍역', '후비루', '', '', '', '', '', ''),
	('탁한 소변', 40, 43, '', '고환염', '급성 방광염', '', '', '', '', '', '', '', '', '', '', '', '', '', '', '', '', '', '', '', '', ''),
	('탈력발작', 50, 52, '', '기면증', '', '', '', '', '', '', '', '', '', '', '', '', '', '', '', '', '', '', '', '', '', ''),
	('탈수', 30, 31, '', '고산병', '고칼슘혈증', '궤양성 대장염', '급성 신부전', '급성 위장염', '바이러스성 장염', '부갑상선암', '선천성 거대결장증', '선천성 부신과다 형성증', '열 피로', '영아 비대성 유문협착증', '요붕증', '장폐색', '콜레라', '프로피온산증', '', '', '', '', '', '', '', ''),
	('탈장', 30, 39, '', 'XYY 증후군', '반흔 탈장', '베크위트-위드만 증후군', '복수', '에드워드 증후군 ', '윌리암스 증후군 ', '재발성 탈장', '제대 탈장', '횡격막 탈장', '', '', '', '', '', '', '', '', '', '', '', '', '', ''),
	('탈장 돌출', 30, 39, '', '반흔 탈장', '재발성 탈장', '제대 탈장', '', '', '', '', '', '', '', '', '', '', '', '', '', '', '', '', '', '', '', ''),
	('탈장 부위의 통증', 30, 39, '', '반흔 탈장', '재발성 탈장', '제대 탈장', '', '', '', '', '', '', '', '', '', '', '', '', '', '', '', '', '', '', '', ''),
	('태동의 위치 이상', 40, 41, '', '이상 태위', '', '', '', '', '', '', '', '', '', '', '', '', '', '', '', '', '', '', '', '', '', ''),
	('태반의 조기 박리', 40, 41, '', '양수과소증', '', '', '', '', '', '', '', '', '', '', '', '', '', '', '', '', '', '', '', '', '', ''),
	('태선화', 30, 33, '', '아토피성 피부염', '', '', '', '', '', '', '', '', '', '', '', '', '', '', '', '', '', '', '', '', '', ''),
	('태아 뼈/근육의 기형', 50, 51, '', '양수과소증', '', '', '', '', '', '', '', '', '', '', '', '', '', '', '', '', '', '', '', '', '', ''),
	('태아 심박동수 이상', 40, 41, '', '과숙아/ 만기 후 출산아', '아두골반 불균형', '', '', '', '', '', '', '', '', '', '', '', '', '', '', '', '', '', '', '', '', ''),
	('태아 저체중', 40, 41, '', '거대세포 바이러스 질환', '단일 제대 동맥', '쌍태아 수혈 증후군', '자궁 내 성장 지연', '', '', '', '', '', '', '', '', '', '', '', '', '', '', '', '', '', '', ''),
	('태아/ 신생아의 기형', 50, 51, '', '단일 제대 동맥', '태아 알코올 증후군', '', '', '', '', '', '', '', '', '', '', '', '', '', '', '', '', '', '', '', '', ''),
	('태아/ 신생아의 정신 장애', 50, 51, '', '스터지 웨버 증후군', '태아 알코올 증후군', '', '', '', '', '', '', '', '', '', '', '', '', '', '', '', '', '', '', '', '', ''),
	('태아의 하강감', 40, 41, '', '조기 진통', '', '', '', '', '', '', '', '', '', '', '', '', '', '', '', '', '', '', '', '', '', ''),
	('탯줄의 압박', 40, 41, '', '양수과소증', '', '', '', '', '', '', '', '', '', '', '', '', '', '', '', '', '', '', '', '', '', ''),
	('터널시야', 10, 11, '', '망막색소변성증', '', '', '', '', '', '', '', '', '', '', '', '', '', '', '', '', '', '', '', '', '', ''),
	('턱의 통증', 10, 17, '', '구강암', '타석증', '타액선암', '턱관절 장애', '턱뼈 성장 이상', '', '', '', '', '', '', '', '', '', '', '', '', '', '', '', '', '', ''),
	('털이 동반되기도 함', 30, 33, '', '모반', '', '', '', '', '', '', '', '', '', '', '', '', '', '', '', '', '', '', '', '', '', ''),
	('토혈', 30, 34, '', '만성 위염', '말로리-바이스 증후군', '바렛 식도', '식도 정맥류', '식도암', '식도염', '식도의 평활근종', '십이지장 궤양', '위 정맥류', '위궤양', '위암', '위장관 기질 종양', '위장관 출혈', '조기 위암', '진행성 위암', '', '', '', '', '', '', '', ''),
	('통증 없는 부종', 30, 31, '', '경부 림프절염', '', '', '', '', '', '', '', '', '', '', '', '', '', '', '', '', '', '', '', '', '', ''),
	('트림', 30, 34, '', '기능성 위장 장애', '소화불량', '식도이완불능증', '십이지장염', '', '', '', '', '', '', '', '', '', '', '', '', '', '', '', '', '', '', ''),
	('파열부위 오목해짐', 20, 21, '22', '아킬레스 건 파열', '', '', '', '', '', '', '', '', '', '', '', '', '', '', '', '', '', '', '', '', '', ''),
	('파열음', 20, 25, '', '십자 인대 손상', '아킬레스 건 파열', '', '', '', '', '', '', '', '', '', '', '', '', '', '', '', '', '', '', '', '', ''),
	('파행', 20, 25, '', '요추 전방전위증', '요추관 협착증', '운동신경 질환', '일과성 뇌허혈증', '', '', '', '', '', '', '', '', '', '', '', '', '', '', '', '', '', '', ''),
	('판단력장애', 50, 51, '', '경미한 인지장애', '알츠하이머병', '', '', '', '', '', '', '', '', '', '', '', '', '', '', '', '', '', '', '', '', ''),
	('팔의 길이가 달라짐', 20, 21, '', '재발성 견관절 전방 탈구', '', '', '', '', '', '', '', '', '', '', '', '', '', '', '', '', '', '', '', '', '', ''),
	('팔의 통증', 20, 21, '', '내상과염', '석회성 건염', '쇄골 골절', '유방통', '주관절 외상과염', '흉곽출구 증후군', '', '', '', '', '', '', '', '', '', '', '', '', '', '', '', '', ''),
	('편도선 비대', 10, 16, '', '성홍열', '파라인플루엔자 감염증', '편도선염', '', '', '', '', '', '', '', '', '', '', '', '', '', '', '', '', '', '', '', ''),
	('편두통', 10, 15, '', '뇌 동정맥 기형', '섬유근육통', '측두동맥염', '피질하 경색과 백질뇌증을 동반하는 상염색체 우성 뇌동맥질환', '', '', '', '', '', '', '', '', '', '', '', '', '', '', '', '', '', '', ''),
	('편마비', 20, 21, '22', '자발성 두개강 내 출혈', '', '', '', '', '', '', '', '', '', '', '', '', '', '', '', '', '', '', '', '', '', ''),
	('편측 사지의 감각소실', 20, 21, '22', '뇌동맥 폐쇄', '', '', '', '', '', '', '', '', '', '', '', '', '', '', '', '', '', '', '', '', '', ''),
	('포만감', 30, 34, '', '간 혈관종', '소화불량', '', '', '', '', '', '', '', '', '', '', '', '', '', '', '', '', '', '', '', '', ''),
	('폭식', 50, 51, '', '섭식 장애', '신경성 폭식증', '', '', '', '', '', '', '', '', '', '', '', '', '', '', '', '', '', '', '', '', ''),
	('피가 정액에 나옴', 40, 45, '', '혈정액증', '', '', '', '', '', '', '', '', '', '', '', '', '', '', '', '', '', '', '', '', '', ''),
	('피로감', 10, 17, '', 'VDT 증후군', '간경화', '간염', '갑상선기능저하증', '거대세포 바이러스 질환', '거대적혈모구빈혈', '결절성 다발동맥염', '결핵성 임파선염', '골수형성이상증후군', '근감소증', '급성 C형 간염', '급성 바이러스성 간염', '급성림프모구백혈병', '기뇌증', '기쿠치병', '난원공 개존증', '노쇠', '뇌하수체 기능부전', '다발골수종', '다발성 경화증', '당뇨병', '당뇨병성 케톤산증 ', '대동맥 협착'),
	('피부 각질', 30, 33, '', '곰팡이 감염', '두부 백선', '무좀', '비듬', '어루러기', '어린선', '접촉 피부염', '지루성 피부염', '티눈 및 굳은살', '피부건조증', '', '', '', '', '', '', '', '', '', '', '', '', ''),
	('피부 건조', 30, 33, '', '갑상선기능저하증', '갑상선기능항진증', '당뇨병성 족부 질환', '새집 증후군', '쇼그렌 증후군', '아토피성 피부염', '어린선', '열사병', '요붕증', '접촉 피부염', '태열', '피부염', '', '', '', '', '', '', '', '', '', '', ''),
	('피부 긴장도 저하', 30, 33, '', '간경화', '고나트륨혈증', '고혈압 ', '골수염', '근위축성 측색 경화증', '급성 바이러스성 간염', '급성골수성백혈병', '기분부전증', '림프부종', '만성 신부전', '만성골수백혈병', '만성림프구백혈병', '메켈 게실', '백혈병', '갑상선기능항진증', '산후 갑상선염', '셀리악병', '수면 무호흡증', '신부전', '심근병증', '심방 중격 결손', '월경전 증후군', '임신성 당뇨병'),
	('피부 및 점막의 염증', 30, 33, '', '스티븐 존슨 증후군', '', '', '', '', '', '', '', '', '', '', '', '', '', '', '', '', '', '', '', '', '', ''),
	('피부가 두꺼워짐', 30, 33, '', '수부 습진', '어린선', '', '', '', '', '', '', '', '', '', '', '', '', '', '', '', '', '', '', '', '', ''),
	('피부경화', 30, 33, '', '전신 경화증', '하지 정맥류', '', '', '', '', '', '', '', '', '', '', '', '', '', '', '', '', '', '', '', '', ''),
	('피부궤양', 30, 33, '', '결핵성 임파선염', '기저세포 암종', '당뇨병성 족부 질환', '상피내 신생물', '심부정맥 색전증', '욕창 ', '용혈빈혈', '임파선염', '파라핀종', '피부근육염', '피부암', '하지 정맥류', '한랭글로불린혈증', '효모균증', '', '', '', '', '', '', '', '', ''),
	('피부균열', 30, 33, '', '림프부종', '수부 습진', '욕창 ', '피부건조증', '', '', '', '', '', '', '', '', '', '', '', '', '', '', '', '', '', '', ''),
	('피부색 변화', 30, 33, '', '구순포진', '당뇨병성 족부 질환', '욕창 ', '피부근육염', '한랭글로불린혈증', '', '', '', '', '', '', '', '', '', '', '', '', '', '', '', '', '', ''),
	('피부소양감', 10, 15, '', '간문부 담관암', '간신 증후군', '간염', '경화성 담관염', '곰팡이 감염', '급성 B형 간염', '급성 C형 간염', '급성 바이러스성 간염', '기저귀 피부염 ', '담관암', '동상', '두드러기', '두부 백선', '만성 B형 간염', '만성 단순 태선', '만성 두드러기', '만성 신부전', '말기 신질환', '무좀', '바터 팽대부 암', '벌에 쏘였을 때', '비듬', '비임균성 요도염'),
	('피부염증', 30, 33, '', '감염성 근육염', '국소 다한증', '딸기코', '면역결핍증', '베체트 병', '슈도모나스 감염', '스파르가눔증', '한센병', '헤르페스 바이러스 감염', '', '', '', '', '', '', '', '', '', '', '', '', '', ''),
	('피부홍조', 30, 33, '', '소장암', '열사병', '호흡성 산증', '', '', '', '', '', '', '', '', '', '', '', '', '', '', '', '', '', '', '', ''),
	('피학증', 50, 51, '', '성도착증', '', '', '', '', '', '', '', '', '', '', '', '', '', '', '', '', '', '', '', '', '', ''),
	('피해망상', 50, 51, '', '분열정동 장애', '조현병', '', '', '', '', '', '', '', '', '', '', '', '', '', '', '', '', '', '', '', '', ''),
	('하악전돌', 10, 15, '', '턱관절 탈구', '', '', '', '', '', '', '', '', '', '', '', '', '', '', '', '', '', '', '', '', '', ''),
	('하얀 반점', 30, 33, '', '결절성 경화증 ', '백반증', '어루러기', '칸디다성 구내염', '', '', '', '', '', '', '', '', '', '', '', '', '', '', '', '', '', '', ''),
	('하지 마비', 20, 25, '', '신경초종', '요추 추간판 탈출증', '척수공동증', '척수병증', '척수수막류', '후종인대 골화증', '', '', '', '', '', '', '', '', '', '', '', '', '', '', '', '', ''),
	('하지부종', 20, 25, '', '경골과 비골 골절', '무지외반증', '방광암', '신경모세포종', '신증후군', '폐기종', '하지 정맥류', '혈뇨', '', '', '', '', '', '', '', '', '', '', '', '', '', '', ''),
	('하지의 근력약화', 20, 25, '', '근감소증', '노쇠', '대동맥 협착증', '베커형 근이영양증', '요추관 협착증', '척수근육위축', '횡단성 척수염', '', '', '', '', '', '', '', '', '', '', '', '', '', '', '', ''),
	('학습장애', 50, 51, '', '거스트만 증후군', '모야모야병', '발달 장애', '스핑고 지질증', '윌리암스 증후군 ', '', '', '', '', '', '', '', '', '', '', '', '', '', '', '', '', '', ''),
	('한쪽 입 꼬리의 상승', 10, 13, '', '안면 비대칭', '', '', '', '', '', '', '', '', '', '', '', '', '', '', '', '', '', '', '', '', '', ''),
	('함몰유두', 30, 35, '', '함몰 유두', '', '', '', '', '', '', '', '', '', '', '', '', '', '', '', '', '', '', '', '', '', ''),
	('합지증', 20, 23, '', '선천성 손 기형', '에이퍼트 증후군 ', '', '', '', '', '', '', '', '', '', '', '', '', '', '', '', '', '', '', '', '', ''),
	('항문 통증', 40, 44, '', '변비', '위장관 기질 종양', '치핵', '항문 누공', '항문 열구', '항문 주위 농양', '', '', '', '', '', '', '', '', '', '', '', '', '', '', '', '', ''),
	('항문주위 염증', 40, 44, '', '면역결핍증', '항문 누공', '항문 열구', '항문 주위 농양', '항문소양증', '', '', '', '', '', '', '', '', '', '', '', '', '', '', '', '', '', ''),
	('항문출혈', 40, 44, '', '변비', '직장 유암종', '치핵', '탈항', '항문 열구', '항문암', '', '', '', '', '', '', '', '', '', '', '', '', '', '', '', '', ''),
	('행동장애', 50, 51, '', '22번 염색체 장완 미세결실 증후군', '발모벽', '지적장애', '', '', '', '', '', '', '', '', '', '', '', '', '', '', '', '', '', '', '', ''),
	('헛배', 30, 33, '', '대동맥 박리', '', '', '', '', '', '', '', '', '', '', '', '', '', '', '', '', '', '', '', '', '', ''),
	('혀끝이 w모양', 10, 13, '', '설소대 단축증', '', '', '', '', '', '', '', '', '', '', '', '', '', '', '', '', '', '', '', '', '', ''),
	('혀의 통증', 10, 13, '', '설인신경통', '설통', '', '', '', '', '', '', '', '', '', '', '', '', '', '', '', '', '', '', '', '', ''),
	('혈뇨', 40, 43, '', '급성 간질성 신염', '면역글로불린 A 신병증', '미세혈관병용혈빈혈', '방광소장 누공', '방광암', '사구체신염', '신세포암종', '신우요관 폐색', '신우요관암', '신장 결석', '알포트 증후군', '양성 전립선 비대증', '요관 결석', '요관 협착', '요로결석', '용혈성 요독 증후군', '윌름즈 종양', '윌슨병', '자궁 상피 내 암종', '전립선암', '전이성 신장암', '혈관염', '혈뇨'),
	('혈변', 40, 44, '', '궤양성 대장염', '대동맥 협착증', '대장 용종', '대장암', '대장의 양성 종양', '말기 신질환', '메켈 게실', '바렛 식도', '소장의 혈관 장애', '신생아 괴사성 장염', '아메바성 이질', '용혈성 요독 증후군', '위 정맥류', '위막성 대장염', '위암', '위장관 결핵', '위장관 기질 종양', '위장관 출혈', '장염전', '장중첩증', '장출혈성 대장균 감염증', '직장암', '직장의 양성 종양'),
	('혈소판감소', 30, 31, '', '급성림프모구백혈병', '반티 증후군', '신생아 다혈구증', '장출혈성 대장균 감염증', '중증 열성 혈소판감소 증후군', '항인지질 항체 증후군', '', '', '', '', '', '', '', '', '', '', '', '', '', '', '', '', ''),
	('혈전증', 30, 31, '', '골수증식종양', '베체트 병', '', '', '', '', '', '', '', '', '', '', '', '', '', '', '', '', '', '', '', '', ''),
	('호르몬변화', 10, 17, '', '뇌사', '', '', '', '', '', '', '', '', '', '', '', '', '', '', '', '', '', '', '', '', '', ''),
	('혼돈', 50, 51, '', '간성 뇌증', '간신 증후군', '베르니케 코시코프 증후군', '분만 후 출혈', '섬망', '쇼그렌 증후군', '치매', '', '', '', '', '', '', '', '', '', '', '', '', '', '', '', ''),
	('혼수', 50, 51, '', '간성 뇌증', '결핵성 수막염', '광견병', '뇌동맥 폐쇄', '라이 증후군', '만성 신부전', '말기 신질환', '바이러스성 뇌수막염', '박테리아성 뇌수막염', '외상성 경막하 출혈', '외상에 의한 뇌 손상', '일본 뇌염', '지주막하 출혈', '', '', '', '', '', '', '', '', '', ''),
	('홍채가 흔들거림', 10, 11, '', '수정체 탈구', '', '', '', '', '', '', '', '', '', '', '', '', '', '', '', '', '', '', '', '', '', ''),
	('환각', 50, 51, '', '금단 현상', '라이 증후군', '분열정동 장애', '섬망', '우울증', '조현병', '', '', '', '', '', '', '', '', '', '', '', '', '', '', '', '', ''),
	('환부 냉감', 30, 33, '', '수족냉증', '', '', '', '', '', '', '', '', '', '', '', '', '', '', '', '', '', '', '', '', '', ''),
	('환부 부종', 30, 33, '', '가스 괴저', '감염성 근육염', '건초염', '골괴사', '골수염', '관절염', '내연골종', '내향성 손발톱', '대퇴 골절', '동전모양 습진', '동정맥루 기능부전', '바르톨린샘의 고름집', '벌에 쏘였을 때', '병리적 골절', '복합 부위 통증 증후군', '비브리오 패혈증', '소아 류마티스 관절염', '쇄골 골절', '수부 외상', '신경종', '심부정맥 색전증', '십자 인대 손상', '아킬레스 건염'),
	('환부 통증', 30, 33, '', '가스 괴저', '건 손상', '건초염', '결절종', '골괴사', '골육종', '구획 증후군', '내향성 손발톱', '단독', '대상포진', '대상포진 후 신경통', '만성 두드러기', '모낭염', '바르톨린샘의 고름집', '방선균증', '벌에 쏘였을 때', '병리적 골절', '복합 부위 통증 증후군', '부비동염', '브루셀라증', '비인두 종양', '비중격 만곡', '수족구병'),
	('환부의 분비물', 50, 51, '', '가스 괴저', '각막 혼탁과 흉터', '급성 중이염', '눈물흘림증', '만성 중이염', '무른 궤양', '비루관 폐쇄', '삼출성 중이염', '샅육아종', '성병', '아토피성 피부염', '알레르기성 결막염', '외상에 의한 고막 천공', '외이도염', '유방 상피내암', '유방 파제트병 ', '유방암', '음경암', '이루증', '진주종', '후비루', '', ''),
	('환시', 50, 51, '', '분열정동 장애', '섬망', '', '', '', '', '', '', '', '', '', '', '', '', '', '', '', '', '', '', '', '', ''),
	('환청', 50, 51, '', '금단 현상', '분열정동 장애', '', '', '', '', '', '', '', '', '', '', '', '', '', '', '', '', '', '', '', '', ''),
	('활력징후 이상', 60, 61, '', '아두골반 불균형', '완전 척수 손상', '외상에 의한 척추 손상', '', '', '', '', '', '', '', '', '', '', '', '', '', '', '', '', '', '', '', ''),
	('황달', 30, 33, '', 'ARC 증후군', 'Rh 부적합 임신', '간 전이', '간경화', '간내 담석', '간농양', '간디스토마', '간문부 담관암', '간세포성 암종', '간신 증후군', '간염', '거대적혈모구빈혈', '경화성 담관염', '급성 A형 간염', '급성 B형 간염', '급성 C형 간염', '급성 바이러스성 간염', '급성 췌장염', '담관암', '담낭암', '담석', '독성 간염', '랑거한스세포 조직구증식증'),
	('황반부종', 10, 11, '', '당뇨망막병증', '', '', '', '', '', '', '', '', '', '', '', '', '', '', '', '', '', '', '', '', '', ''),
	('회색변', 40, 44, '', '간문부 담관암', '급성 췌장염', '담관암', '바터 팽대부 암', '선천성 담관 폐쇄증', '신생아 답즙정체증', '총담관 낭', '췌장암', '', '', '', '', '', '', '', '', '', '', '', '', '', '', ''),
	('회음부 불쾌감', 40, 45, '', '혈정액증', '', '', '', '', '', '', '', '', '', '', '', '', '', '', '', '', '', '', '', '', '', ''),
	('회음부의 작은 돌기', 40, 42, '45', '첨형 콘딜로마', '', '', '', '', '', '', '', '', '', '', '', '', '', '', '', '', '', '', '', '', '', ''),
	('회음부의 파열', 40, 42, '45', '회음 열상', '', '', '', '', '', '', '', '', '', '', '', '', '', '', '', '', '', '', '', '', '', ''),
	('후각장애', 10, 12, '', '만성 비염', '부비동염', '비부비동 종양', '알레르기 비염', '칼만 증후군', '후각장애/ 미각장애', '', '', '', '', '', '', '', '', '', '', '', '', '', '', '', '', ''),
	('후궁반장', 30, 36, '', '파상풍', '핵황달', '', '', '', '', '', '', '', '', '', '', '', '', '', '', '', '', '', '', '', '', ''),
	('흑색변', 40, 44, '', '대장암', '바터 팽대부 암', '선천성 담관 폐쇄증', '식도염', '십이지장 궤양', '위궤양', '위암', '진행성 위암', '혈관염', '', '', '', '', '', '', '', '', '', '', '', '', '', ''),
	('흡수장애', 30, 34, '', '소장의 혈관 장애', '', '', '', '', '', '', '', '', '', '', '', '', '', '', '', '', '', '', '', '', '', ''),
	('흥분', 50, 51, '', '기억상실증', '라이 증후군', '병적 방화', '저나트륨혈증', '저혈당증', '', '', '', '', '', '', '', '', '', '', '', '', '', '', '', '', '', ''),
	('희망이 없는 느낌', 50, 51, '', '적응 장애', '', '', '', '', '', '', '', '', '', '', '', '', '', '', '', '', '', '', '', '', '', ''),
	('희발월경', 40, 42, '', '난관수종', '뇌하수체 기능부전', '다낭성 난소 증후군', '성선기능저하증', '자궁 발육부전', '희발월경', '', '', '', '', '', '', '', '', '', '', '', '', '', '', '', '', '');

/*!40103 SET TIME_ZONE=IFNULL(@OLD_TIME_ZONE, 'system') */;
/*!40101 SET SQL_MODE=IFNULL(@OLD_SQL_MODE, '') */;
/*!40014 SET FOREIGN_KEY_CHECKS=IFNULL(@OLD_FOREIGN_KEY_CHECKS, 1) */;
/*!40101 SET CHARACTER_SET_CLIENT=@OLD_CHARACTER_SET_CLIENT */;
/*!40111 SET SQL_NOTES=IFNULL(@OLD_SQL_NOTES, 1) */;
